level1.code	level1.name	level2.code	level2.name	level3.code	level3.name
09100	 Metabolism	09101	 Carbohydrate metabolism	00010	 Glycolysis / Gluconeogenesis [PATH:ko00010]
09100	 Metabolism	09101	 Carbohydrate metabolism	00020	 Citrate cycle (TCA cycle) [PATH:ko00020]
09100	 Metabolism	09101	 Carbohydrate metabolism	00030	 Pentose phosphate pathway [PATH:ko00030]
09100	 Metabolism	09101	 Carbohydrate metabolism	00040	 Pentose and glucuronate interconversions [PATH:ko00040]
09100	 Metabolism	09101	 Carbohydrate metabolism	00051	 Fructose and mannose metabolism [PATH:ko00051]
09100	 Metabolism	09101	 Carbohydrate metabolism	00052	 Galactose metabolism [PATH:ko00052]
09100	 Metabolism	09101	 Carbohydrate metabolism	00053	 Ascorbate and aldarate metabolism [PATH:ko00053]
09100	 Metabolism	09101	 Carbohydrate metabolism	00500	 Starch and sucrose metabolism [PATH:ko00500]
09100	 Metabolism	09101	 Carbohydrate metabolism	00620	 Pyruvate metabolism [PATH:ko00620]
09100	 Metabolism	09101	 Carbohydrate metabolism	00630	 Glyoxylate and dicarboxylate metabolism [PATH:ko00630]
09100	 Metabolism	09101	 Carbohydrate metabolism	00640	 Propanoate metabolism [PATH:ko00640]
09100	 Metabolism	09101	 Carbohydrate metabolism	00650	 Butanoate metabolism [PATH:ko00650]
09100	 Metabolism	09101	 Carbohydrate metabolism	00660	 C5-Branched dibasic acid metabolism [PATH:ko00660]
09100	 Metabolism	09101	 Carbohydrate metabolism	00562	 Inositol phosphate metabolism [PATH:ko00562]
09100	 Metabolism	09102	 Energy metabolism	00190	 Oxidative phosphorylation [PATH:ko00190]
09100	 Metabolism	09102	 Energy metabolism	00195	 Photosynthesis [PATH:ko00195]
09100	 Metabolism	09102	 Energy metabolism	00196	 Photosynthesis - antenna proteins [PATH:ko00196]
09100	 Metabolism	09102	 Energy metabolism	00710	 Carbon fixation by Calvin cycle [PATH:ko00710]
09100	 Metabolism	09102	 Energy metabolism	00720	 Other carbon fixation pathways [PATH:ko00720]
09100	 Metabolism	09102	 Energy metabolism	00680	 Methane metabolism [PATH:ko00680]
09100	 Metabolism	09102	 Energy metabolism	00910	 Nitrogen metabolism [PATH:ko00910]
09100	 Metabolism	09102	 Energy metabolism	00920	 Sulfur metabolism [PATH:ko00920]
09100	 Metabolism	09103	 Lipid metabolism	00061	 Fatty acid biosynthesis [PATH:ko00061]
09100	 Metabolism	09103	 Lipid metabolism	00062	 Fatty acid elongation [PATH:ko00062]
09100	 Metabolism	09103	 Lipid metabolism	00071	 Fatty acid degradation [PATH:ko00071]
09100	 Metabolism	09103	 Lipid metabolism	00073	 Cutin, suberine and wax biosynthesis [PATH:ko00073]
09100	 Metabolism	09103	 Lipid metabolism	00074	 Mycolic acid biosynthesis [PATH:ko00074]
09100	 Metabolism	09103	 Lipid metabolism	00100	 Steroid biosynthesis [PATH:ko00100]
09100	 Metabolism	09103	 Lipid metabolism	00120	 Primary bile acid biosynthesis [PATH:ko00120]
09100	 Metabolism	09103	 Lipid metabolism	00121	 Secondary bile acid biosynthesis [PATH:ko00121]
09100	 Metabolism	09103	 Lipid metabolism	00140	 Steroid hormone biosynthesis [PATH:ko00140]
09100	 Metabolism	09103	 Lipid metabolism	00561	 Glycerolipid metabolism [PATH:ko00561]
09100	 Metabolism	09103	 Lipid metabolism	00564	 Glycerophospholipid metabolism [PATH:ko00564]
09100	 Metabolism	09103	 Lipid metabolism	00565	 Ether lipid metabolism [PATH:ko00565]
09100	 Metabolism	09103	 Lipid metabolism	00600	 Sphingolipid metabolism [PATH:ko00600]
09100	 Metabolism	09103	 Lipid metabolism	00590	 Arachidonic acid metabolism [PATH:ko00590]
09100	 Metabolism	09103	 Lipid metabolism	00591	 Linoleic acid metabolism [PATH:ko00591]
09100	 Metabolism	09103	 Lipid metabolism	00592	 alpha-Linolenic acid metabolism [PATH:ko00592]
09100	 Metabolism	09103	 Lipid metabolism	01040	 Biosynthesis of unsaturated fatty acids [PATH:ko01040]
09100	 Metabolism	09104	 Nucleotide metabolism	00230	 Purine metabolism [PATH:ko00230]
09100	 Metabolism	09104	 Nucleotide metabolism	00240	 Pyrimidine metabolism [PATH:ko00240]
09100	 Metabolism	09105	 Amino acid metabolism	00250	 Alanine, aspartate and glutamate metabolism [PATH:ko00250]
09100	 Metabolism	09105	 Amino acid metabolism	00260	 Glycine, serine and threonine metabolism [PATH:ko00260]
09100	 Metabolism	09105	 Amino acid metabolism	00270	 Cysteine and methionine metabolism [PATH:ko00270]
09100	 Metabolism	09105	 Amino acid metabolism	00280	 Valine, leucine and isoleucine degradation [PATH:ko00280]
09100	 Metabolism	09105	 Amino acid metabolism	00290	 Valine, leucine and isoleucine biosynthesis [PATH:ko00290]
09100	 Metabolism	09105	 Amino acid metabolism	00300	 Lysine biosynthesis [PATH:ko00300]
09100	 Metabolism	09105	 Amino acid metabolism	00310	 Lysine degradation [PATH:ko00310]
09100	 Metabolism	09105	 Amino acid metabolism	00220	 Arginine biosynthesis [PATH:ko00220]
09100	 Metabolism	09105	 Amino acid metabolism	00330	 Arginine and proline metabolism [PATH:ko00330]
09100	 Metabolism	09105	 Amino acid metabolism	00340	 Histidine metabolism [PATH:ko00340]
09100	 Metabolism	09105	 Amino acid metabolism	00350	 Tyrosine metabolism [PATH:ko00350]
09100	 Metabolism	09105	 Amino acid metabolism	00360	 Phenylalanine metabolism [PATH:ko00360]
09100	 Metabolism	09105	 Amino acid metabolism	00380	 Tryptophan metabolism [PATH:ko00380]
09100	 Metabolism	09105	 Amino acid metabolism	00400	 Phenylalanine, tyrosine and tryptophan biosynthesis [PATH:ko00400]
09100	 Metabolism	09106	 Metabolism of other amino acids	00410	 beta-Alanine metabolism [PATH:ko00410]
09100	 Metabolism	09106	 Metabolism of other amino acids	00430	 Taurine and hypotaurine metabolism [PATH:ko00430]
09100	 Metabolism	09106	 Metabolism of other amino acids	00440	 Phosphonate and phosphinate metabolism [PATH:ko00440]
09100	 Metabolism	09106	 Metabolism of other amino acids	00450	 Selenocompound metabolism [PATH:ko00450]
09100	 Metabolism	09106	 Metabolism of other amino acids	00460	 Cyanoamino acid metabolism [PATH:ko00460]
09100	 Metabolism	09106	 Metabolism of other amino acids	00470	 D-Amino acid metabolism [PATH:ko00470]
09100	 Metabolism	09106	 Metabolism of other amino acids	00480	 Glutathione metabolism [PATH:ko00480]
09100	 Metabolism	09107	 Glycan biosynthesis and metabolism	00520	 Amino sugar and nucleotide sugar metabolism [PATH:ko00520]
09100	 Metabolism	09107	 Glycan biosynthesis and metabolism	00541	 Biosynthesis of various nucleotide sugars [PATH:ko00541]
09100	 Metabolism	09107	 Glycan biosynthesis and metabolism	00510	 N-Glycan biosynthesis [PATH:ko00510]
09100	 Metabolism	09107	 Glycan biosynthesis and metabolism	00513	 Various types of N-glycan biosynthesis [PATH:ko00513]
09100	 Metabolism	09107	 Glycan biosynthesis and metabolism	00512	 Mucin type O-glycan biosynthesis [PATH:ko00512]
09100	 Metabolism	09107	 Glycan biosynthesis and metabolism	00515	 Mannose type O-glycan biosynthesis [PATH:ko00515]
09100	 Metabolism	09107	 Glycan biosynthesis and metabolism	00514	 Other types of O-glycan biosynthesis [PATH:ko00514]
09100	 Metabolism	09107	 Glycan biosynthesis and metabolism	00532	 Glycosaminoglycan biosynthesis - chondroitin sulfate / dermatan sulfate [PATH:ko00532]
09100	 Metabolism	09107	 Glycan biosynthesis and metabolism	00534	 Glycosaminoglycan biosynthesis - heparan sulfate / heparin [PATH:ko00534]
09100	 Metabolism	09107	 Glycan biosynthesis and metabolism	00533	 Glycosaminoglycan biosynthesis - keratan sulfate [PATH:ko00533]
09100	 Metabolism	09107	 Glycan biosynthesis and metabolism	00531	 Glycosaminoglycan degradation [PATH:ko00531]
09100	 Metabolism	09107	 Glycan biosynthesis and metabolism	00563	 Glycosylphosphatidylinositol (GPI)-anchor biosynthesis [PATH:ko00563]
09100	 Metabolism	09107	 Glycan biosynthesis and metabolism	00601	 Glycosphingolipid biosynthesis - lacto and neolacto series [PATH:ko00601]
09100	 Metabolism	09107	 Glycan biosynthesis and metabolism	00603	 Glycosphingolipid biosynthesis - globo and isoglobo series [PATH:ko00603]
09100	 Metabolism	09107	 Glycan biosynthesis and metabolism	00604	 Glycosphingolipid biosynthesis - ganglio series [PATH:ko00604]
09100	 Metabolism	09107	 Glycan biosynthesis and metabolism	00511	 Other glycan degradation [PATH:ko00511]
09100	 Metabolism	09107	 Glycan biosynthesis and metabolism	00540	 Lipopolysaccharide biosynthesis [PATH:ko00540]
09100	 Metabolism	09107	 Glycan biosynthesis and metabolism	00542	 O-Antigen repeat unit biosynthesis [PATH:ko00542]
09100	 Metabolism	09107	 Glycan biosynthesis and metabolism	00550	 Peptidoglycan biosynthesis [PATH:ko00550]
09100	 Metabolism	09107	 Glycan biosynthesis and metabolism	00552	 Teichoic acid biosynthesis [PATH:ko00552]
09100	 Metabolism	09107	 Glycan biosynthesis and metabolism	00571	 Lipoarabinomannan (LAM) biosynthesis [PATH:ko00571]
09100	 Metabolism	09107	 Glycan biosynthesis and metabolism	00572	 Arabinogalactan biosynthesis - Mycobacterium [PATH:ko00572]
09100	 Metabolism	09107	 Glycan biosynthesis and metabolism	00543	 Exopolysaccharide biosynthesis [PATH:ko00543]
09100	 Metabolism	09108	 Metabolism of cofactors and vitamins	00730	 Thiamine metabolism [PATH:ko00730]
09100	 Metabolism	09108	 Metabolism of cofactors and vitamins	00740	 Riboflavin metabolism [PATH:ko00740]
09100	 Metabolism	09108	 Metabolism of cofactors and vitamins	00750	 Vitamin B6 metabolism [PATH:ko00750]
09100	 Metabolism	09108	 Metabolism of cofactors and vitamins	00760	 Nicotinate and nicotinamide metabolism [PATH:ko00760]
09100	 Metabolism	09108	 Metabolism of cofactors and vitamins	00770	 Pantothenate and CoA biosynthesis [PATH:ko00770]
09100	 Metabolism	09108	 Metabolism of cofactors and vitamins	00780	 Biotin metabolism [PATH:ko00780]
09100	 Metabolism	09108	 Metabolism of cofactors and vitamins	00785	 Lipoic acid metabolism [PATH:ko00785]
09100	 Metabolism	09108	 Metabolism of cofactors and vitamins	00790	 Folate biosynthesis [PATH:ko00790]
09100	 Metabolism	09108	 Metabolism of cofactors and vitamins	00670	 One carbon pool by folate [PATH:ko00670]
09100	 Metabolism	09108	 Metabolism of cofactors and vitamins	00830	 Retinol metabolism [PATH:ko00830]
09100	 Metabolism	09108	 Metabolism of cofactors and vitamins	00860	 Porphyrin metabolism [PATH:ko00860]
09100	 Metabolism	09108	 Metabolism of cofactors and vitamins	00130	 Ubiquinone and other terpenoid-quinone biosynthesis [PATH:ko00130]
09100	 Metabolism	09109	 Metabolism of terpenoids and polyketides	00900	 Terpenoid backbone biosynthesis [PATH:ko00900]
09100	 Metabolism	09109	 Metabolism of terpenoids and polyketides	00902	 Monoterpenoid biosynthesis [PATH:ko00902]
09100	 Metabolism	09109	 Metabolism of terpenoids and polyketides	00909	 Sesquiterpenoid and triterpenoid biosynthesis [PATH:ko00909]
09100	 Metabolism	09109	 Metabolism of terpenoids and polyketides	00904	 Diterpenoid biosynthesis [PATH:ko00904]
09100	 Metabolism	09109	 Metabolism of terpenoids and polyketides	00906	 Carotenoid biosynthesis [PATH:ko00906]
09100	 Metabolism	09109	 Metabolism of terpenoids and polyketides	00905	 Brassinosteroid biosynthesis [PATH:ko00905]
09100	 Metabolism	09109	 Metabolism of terpenoids and polyketides	00981	 Insect hormone biosynthesis [PATH:ko00981]
09100	 Metabolism	09109	 Metabolism of terpenoids and polyketides	00908	 Zeatin biosynthesis [PATH:ko00908]
09100	 Metabolism	09109	 Metabolism of terpenoids and polyketides	00903	 Limonene degradation [PATH:ko00903]
09100	 Metabolism	09109	 Metabolism of terpenoids and polyketides	00907	 Pinene, camphor and geraniol degradation [PATH:ko00907]
09100	 Metabolism	09109	 Metabolism of terpenoids and polyketides	01052	 Type I polyketide structures [PATH:ko01052]
09100	 Metabolism	09109	 Metabolism of terpenoids and polyketides	00522	 Biosynthesis of 12-, 14- and 16-membered macrolides [PATH:ko00522]
09100	 Metabolism	09109	 Metabolism of terpenoids and polyketides	01051	 Biosynthesis of ansamycins [PATH:ko01051]
09100	 Metabolism	09109	 Metabolism of terpenoids and polyketides	01059	 Biosynthesis of enediyne antibiotics [PATH:ko01059]
09100	 Metabolism	09109	 Metabolism of terpenoids and polyketides	01056	 Biosynthesis of type II polyketide backbone [PATH:ko01056]
09100	 Metabolism	09109	 Metabolism of terpenoids and polyketides	01057	 Biosynthesis of type II polyketide products [PATH:ko01057]
09100	 Metabolism	09109	 Metabolism of terpenoids and polyketides	00253	 Tetracycline biosynthesis [PATH:ko00253]
09100	 Metabolism	09109	 Metabolism of terpenoids and polyketides	00523	 Polyketide sugar unit biosynthesis [PATH:ko00523]
09100	 Metabolism	09109	 Metabolism of terpenoids and polyketides	01054	 Nonribosomal peptide structures [PATH:ko01054]
09100	 Metabolism	09109	 Metabolism of terpenoids and polyketides	01053	 Biosynthesis of siderophore group nonribosomal peptides [PATH:ko01053]
09100	 Metabolism	09109	 Metabolism of terpenoids and polyketides	01055	 Biosynthesis of vancomycin group antibiotics [PATH:ko01055]
09100	 Metabolism	09110	 Biosynthesis of other secondary metabolites	00940	 Phenylpropanoid biosynthesis [PATH:ko00940]
09100	 Metabolism	09110	 Biosynthesis of other secondary metabolites	00945	 Stilbenoid, diarylheptanoid and gingerol biosynthesis [PATH:ko00945]
09100	 Metabolism	09110	 Biosynthesis of other secondary metabolites	00941	 Flavonoid biosynthesis [PATH:ko00941]
09100	 Metabolism	09110	 Biosynthesis of other secondary metabolites	00944	 Flavone and flavonol biosynthesis [PATH:ko00944]
09100	 Metabolism	09110	 Biosynthesis of other secondary metabolites	00942	 Anthocyanin biosynthesis [PATH:ko00942]
09100	 Metabolism	09110	 Biosynthesis of other secondary metabolites	00943	 Isoflavonoid biosynthesis [PATH:ko00943]
09100	 Metabolism	09110	 Biosynthesis of other secondary metabolites	00946	 Degradation of flavonoids [PATH:ko00946]
09100	 Metabolism	09110	 Biosynthesis of other secondary metabolites	00901	 Indole alkaloid biosynthesis [PATH:ko00901]
09100	 Metabolism	09110	 Biosynthesis of other secondary metabolites	00403	 Indole diterpene alkaloid biosynthesis [PATH:ko00403]
09100	 Metabolism	09110	 Biosynthesis of other secondary metabolites	00950	 Isoquinoline alkaloid biosynthesis [PATH:ko00950]
09100	 Metabolism	09110	 Biosynthesis of other secondary metabolites	00960	 Tropane, piperidine and pyridine alkaloid biosynthesis [PATH:ko00960]
09100	 Metabolism	09110	 Biosynthesis of other secondary metabolites	00996	 Biosynthesis of various alkaloids [PATH:ko00996]
09100	 Metabolism	09110	 Biosynthesis of other secondary metabolites	00232	 Caffeine metabolism [PATH:ko00232]
09100	 Metabolism	09110	 Biosynthesis of other secondary metabolites	00965	 Betalain biosynthesis [PATH:ko00965]
09100	 Metabolism	09110	 Biosynthesis of other secondary metabolites	00966	 Glucosinolate biosynthesis [PATH:ko00966]
09100	 Metabolism	09110	 Biosynthesis of other secondary metabolites	00402	 Benzoxazinoid biosynthesis [PATH:ko00402]
09100	 Metabolism	09110	 Biosynthesis of other secondary metabolites	00311	 Penicillin and cephalosporin biosynthesis [PATH:ko00311]
09100	 Metabolism	09110	 Biosynthesis of other secondary metabolites	00332	 Carbapenem biosynthesis [PATH:ko00332]
09100	 Metabolism	09110	 Biosynthesis of other secondary metabolites	00261	 Monobactam biosynthesis [PATH:ko00261]
09100	 Metabolism	09110	 Biosynthesis of other secondary metabolites	00331	 Clavulanic acid biosynthesis [PATH:ko00331]
09100	 Metabolism	09110	 Biosynthesis of other secondary metabolites	00521	 Streptomycin biosynthesis [PATH:ko00521]
09100	 Metabolism	09110	 Biosynthesis of other secondary metabolites	00524	 Neomycin, kanamycin and gentamicin biosynthesis [PATH:ko00524]
09100	 Metabolism	09110	 Biosynthesis of other secondary metabolites	00525	 Acarbose and validamycin biosynthesis [PATH:ko00525]
09100	 Metabolism	09110	 Biosynthesis of other secondary metabolites	00401	 Novobiocin biosynthesis [PATH:ko00401]
09100	 Metabolism	09110	 Biosynthesis of other secondary metabolites	00404	 Staurosporine biosynthesis [PATH:ko00404]
09100	 Metabolism	09110	 Biosynthesis of other secondary metabolites	00405	 Phenazine biosynthesis [PATH:ko00405]
09100	 Metabolism	09110	 Biosynthesis of other secondary metabolites	00333	 Prodigiosin biosynthesis [PATH:ko00333]
09100	 Metabolism	09110	 Biosynthesis of other secondary metabolites	00254	 Aflatoxin biosynthesis [PATH:ko00254]
09100	 Metabolism	09110	 Biosynthesis of other secondary metabolites	00998	 Biosynthesis of various antibiotics [PATH:ko00998]
09100	 Metabolism	09110	 Biosynthesis of other secondary metabolites	00999	 Biosynthesis of various plant secondary metabolites [PATH:ko00999]
09100	 Metabolism	09110	 Biosynthesis of other secondary metabolites	00997	 Biosynthesis of various other secondary metabolites [PATH:ko00997]
09100	 Metabolism	09111	 Xenobiotics biodegradation and metabolism	00362	 Benzoate degradation [PATH:ko00362]
09100	 Metabolism	09111	 Xenobiotics biodegradation and metabolism	00627	 Aminobenzoate degradation [PATH:ko00627]
09100	 Metabolism	09111	 Xenobiotics biodegradation and metabolism	00364	 Fluorobenzoate degradation [PATH:ko00364]
09100	 Metabolism	09111	 Xenobiotics biodegradation and metabolism	00625	 Chloroalkane and chloroalkene degradation [PATH:ko00625]
09100	 Metabolism	09111	 Xenobiotics biodegradation and metabolism	00361	 Chlorocyclohexane and chlorobenzene degradation [PATH:ko00361]
09100	 Metabolism	09111	 Xenobiotics biodegradation and metabolism	00623	 Toluene degradation [PATH:ko00623]
09100	 Metabolism	09111	 Xenobiotics biodegradation and metabolism	00622	 Xylene degradation [PATH:ko00622]
09100	 Metabolism	09111	 Xenobiotics biodegradation and metabolism	00633	 Nitrotoluene degradation [PATH:ko00633]
09100	 Metabolism	09111	 Xenobiotics biodegradation and metabolism	00642	 Ethylbenzene degradation [PATH:ko00642]
09100	 Metabolism	09111	 Xenobiotics biodegradation and metabolism	00643	 Styrene degradation [PATH:ko00643]
09100	 Metabolism	09111	 Xenobiotics biodegradation and metabolism	00791	 Atrazine degradation [PATH:ko00791]
09100	 Metabolism	09111	 Xenobiotics biodegradation and metabolism	00930	 Caprolactam degradation [PATH:ko00930]
09100	 Metabolism	09111	 Xenobiotics biodegradation and metabolism	00363	 Bisphenol degradation [PATH:ko00363]
09100	 Metabolism	09111	 Xenobiotics biodegradation and metabolism	00621	 Dioxin degradation [PATH:ko00621]
09100	 Metabolism	09111	 Xenobiotics biodegradation and metabolism	00626	 Naphthalene degradation [PATH:ko00626]
09100	 Metabolism	09111	 Xenobiotics biodegradation and metabolism	00624	 Polycyclic aromatic hydrocarbon degradation [PATH:ko00624]
09100	 Metabolism	09111	 Xenobiotics biodegradation and metabolism	00365	 Furfural degradation [PATH:ko00365]
09100	 Metabolism	09111	 Xenobiotics biodegradation and metabolism	00984	 Steroid degradation [PATH:ko00984]
09100	 Metabolism	09111	 Xenobiotics biodegradation and metabolism	00980	 Metabolism of xenobiotics by cytochrome P450 [PATH:ko00980]
09100	 Metabolism	09111	 Xenobiotics biodegradation and metabolism	00982	 Drug metabolism - cytochrome P450 [PATH:ko00982]
09100	 Metabolism	09111	 Xenobiotics biodegradation and metabolism	00983	 Drug metabolism - other enzymes [PATH:ko00983]
09100	 Metabolism	09112	 Not included in regular maps	09113	 Global maps only
09120	 Genetic Information Processing	09121	 Transcription	03020	 RNA polymerase [PATH:ko03020]
09120	 Genetic Information Processing	09121	 Transcription	03022	 Basal transcription factors [PATH:ko03022]
09120	 Genetic Information Processing	09121	 Transcription	03040	 Spliceosome [PATH:ko03040]
09120	 Genetic Information Processing	09122	 Translation	03010	 Ribosome [PATH:ko03010]
09120	 Genetic Information Processing	09122	 Translation	00970	 Aminoacyl-tRNA biosynthesis [PATH:ko00970]
09120	 Genetic Information Processing	09122	 Translation	03013	 Nucleocytoplasmic transport [PATH:ko03013]
09120	 Genetic Information Processing	09122	 Translation	03015	 mRNA surveillance pathway [PATH:ko03015]
09120	 Genetic Information Processing	09122	 Translation	03008	 Ribosome biogenesis in eukaryotes [PATH:ko03008]
09120	 Genetic Information Processing	09123	 Folding, sorting and degradation	03060	 Protein export [PATH:ko03060]
09120	 Genetic Information Processing	09123	 Folding, sorting and degradation	04141	 Protein processing in endoplasmic reticulum [PATH:ko04141]
09120	 Genetic Information Processing	09123	 Folding, sorting and degradation	04130	 SNARE interactions in vesicular transport [PATH:ko04130]
09120	 Genetic Information Processing	09123	 Folding, sorting and degradation	04120	 Ubiquitin mediated proteolysis [PATH:ko04120]
09120	 Genetic Information Processing	09123	 Folding, sorting and degradation	04122	 Sulfur relay system [PATH:ko04122]
09120	 Genetic Information Processing	09123	 Folding, sorting and degradation	03050	 Proteasome [PATH:ko03050]
09120	 Genetic Information Processing	09123	 Folding, sorting and degradation	03018	 RNA degradation [PATH:ko03018]
09120	 Genetic Information Processing	09124	 Replication and repair	03030	 DNA replication [PATH:ko03030]
09120	 Genetic Information Processing	09124	 Replication and repair	03410	 Base excision repair [PATH:ko03410]
09120	 Genetic Information Processing	09124	 Replication and repair	03420	 Nucleotide excision repair [PATH:ko03420]
09120	 Genetic Information Processing	09124	 Replication and repair	03430	 Mismatch repair [PATH:ko03430]
09120	 Genetic Information Processing	09124	 Replication and repair	03440	 Homologous recombination [PATH:ko03440]
09120	 Genetic Information Processing	09124	 Replication and repair	03450	 Non-homologous end-joining [PATH:ko03450]
09120	 Genetic Information Processing	09124	 Replication and repair	03460	 Fanconi anemia pathway [PATH:ko03460]
09120	 Genetic Information Processing	09126	 Chromosome	03082	 ATP-dependent chromatin remodeling [PATH:ko03082]
09120	 Genetic Information Processing	09126	 Chromosome	03083	 Polycomb repressive complex [PATH:ko03083]
09120	 Genetic Information Processing	09125	 Information processing in viruses	03230	 Viral genome structure [PATH:ko03230]
09120	 Genetic Information Processing	09125	 Information processing in viruses	03240	 Viral replication [PATH:ko03240]
09120	 Genetic Information Processing	09125	 Information processing in viruses	03250	 Viral life cycle - HIV-1 [PATH:ko03250]
09120	 Genetic Information Processing	09125	 Information processing in viruses	03260	 Virion - Human immunodeficiency virus [PATH:ko03260]
09120	 Genetic Information Processing	09125	 Information processing in viruses	03271	 Virion - Rotavirus [PATH:ko03271]
09120	 Genetic Information Processing	09125	 Information processing in viruses	03262	 Virion - Coronavirus [PATH:ko03262]
09120	 Genetic Information Processing	09125	 Information processing in viruses	03261	 Virion - Influenza virus [PATH:ko03261]
09120	 Genetic Information Processing	09125	 Information processing in viruses	03263	 Virion - Enterovirus [PATH:ko03263]
09120	 Genetic Information Processing	09125	 Information processing in viruses	03264	 Virion - Flavivirus and Alphavirus [PATH:ko03264]
09120	 Genetic Information Processing	09125	 Information processing in viruses	03265	 Virion - Ebolavirus, Lyssavirus and Morbillivirus [PATH:ko03265]
09120	 Genetic Information Processing	09125	 Information processing in viruses	03273	 Virion - Lassa virus and SFTS virus [PATH:ko03273]
09120	 Genetic Information Processing	09125	 Information processing in viruses	03272	 Virion - Hepatitis viruses [PATH:ko03272]
09120	 Genetic Information Processing	09125	 Information processing in viruses	03266	 Virion - Herpesvirus [PATH:ko03266]
09120	 Genetic Information Processing	09125	 Information processing in viruses	03268	 Virion - Orthopoxvirus [PATH:ko03268]
09120	 Genetic Information Processing	09125	 Information processing in viruses	03267	 Virion - Adenovirus [PATH:ko03267]
09120	 Genetic Information Processing	09125	 Information processing in viruses	03259	 Virion - Bacteriophages T4 and T7 [PATH:ko03259]
09120	 Genetic Information Processing	09125	 Information processing in viruses	03258	 Virion - Bacteriophage lambda [PATH:ko03258]
09130	 Environmental Information Processing	09131	 Membrane transport	02010	 ABC transporters [PATH:ko02010]
09130	 Environmental Information Processing	09131	 Membrane transport	02060	 Phosphotransferase system (PTS) [PATH:ko02060]
09130	 Environmental Information Processing	09131	 Membrane transport	03070	 Bacterial secretion system [PATH:ko03070]
09130	 Environmental Information Processing	09132	 Signal transduction	02020	 Two-component system [PATH:ko02020]
09130	 Environmental Information Processing	09132	 Signal transduction	04010	 MAPK signaling pathway [PATH:ko04010]
09130	 Environmental Information Processing	09132	 Signal transduction	04013	 MAPK signaling pathway - fly [PATH:ko04013]
09130	 Environmental Information Processing	09132	 Signal transduction	04016	 MAPK signaling pathway - plant [PATH:ko04016]
09130	 Environmental Information Processing	09132	 Signal transduction	04011	 MAPK signaling pathway - yeast [PATH:ko04011]
09130	 Environmental Information Processing	09132	 Signal transduction	04012	 ErbB signaling pathway [PATH:ko04012]
09130	 Environmental Information Processing	09132	 Signal transduction	04014	 Ras signaling pathway [PATH:ko04014]
09130	 Environmental Information Processing	09132	 Signal transduction	04015	 Rap1 signaling pathway [PATH:ko04015]
09130	 Environmental Information Processing	09132	 Signal transduction	04310	 Wnt signaling pathway [PATH:ko04310]
09130	 Environmental Information Processing	09132	 Signal transduction	04330	 Notch signaling pathway [PATH:ko04330]
09130	 Environmental Information Processing	09132	 Signal transduction	04340	 Hedgehog signaling pathway [PATH:ko04340]
09130	 Environmental Information Processing	09132	 Signal transduction	04341	 Hedgehog signaling pathway - fly [PATH:ko04341]
09130	 Environmental Information Processing	09132	 Signal transduction	04350	 TGF-beta signaling pathway [PATH:ko04350]
09130	 Environmental Information Processing	09132	 Signal transduction	04390	 Hippo signaling pathway [PATH:ko04390]
09130	 Environmental Information Processing	09132	 Signal transduction	04391	 Hippo signaling pathway - fly [PATH:ko04391]
09130	 Environmental Information Processing	09132	 Signal transduction	04392	 Hippo signaling pathway - multiple species [PATH:ko04392]
09130	 Environmental Information Processing	09132	 Signal transduction	04370	 VEGF signaling pathway [PATH:ko04370]
09130	 Environmental Information Processing	09132	 Signal transduction	04371	 Apelin signaling pathway [PATH:ko04371]
09130	 Environmental Information Processing	09132	 Signal transduction	04630	 JAK-STAT signaling pathway [PATH:ko04630]
09130	 Environmental Information Processing	09132	 Signal transduction	04064	 NF-kappa B signaling pathway [PATH:ko04064]
09130	 Environmental Information Processing	09132	 Signal transduction	04668	 TNF signaling pathway [PATH:ko04668]
09130	 Environmental Information Processing	09132	 Signal transduction	04066	 HIF-1 signaling pathway [PATH:ko04066]
09130	 Environmental Information Processing	09132	 Signal transduction	04068	 FoxO signaling pathway [PATH:ko04068]
09130	 Environmental Information Processing	09132	 Signal transduction	04020	 Calcium signaling pathway [PATH:ko04020]
09130	 Environmental Information Processing	09132	 Signal transduction	04070	 Phosphatidylinositol signaling system [PATH:ko04070]
09130	 Environmental Information Processing	09132	 Signal transduction	04072	 Phospholipase D signaling pathway [PATH:ko04072]
09130	 Environmental Information Processing	09132	 Signal transduction	04071	 Sphingolipid signaling pathway [PATH:ko04071]
09130	 Environmental Information Processing	09132	 Signal transduction	04024	 cAMP signaling pathway [PATH:ko04024]
09130	 Environmental Information Processing	09132	 Signal transduction	04022	 cGMP-PKG signaling pathway [PATH:ko04022]
09130	 Environmental Information Processing	09132	 Signal transduction	04151	 PI3K-Akt signaling pathway [PATH:ko04151]
09130	 Environmental Information Processing	09132	 Signal transduction	04152	 AMPK signaling pathway [PATH:ko04152]
09130	 Environmental Information Processing	09132	 Signal transduction	04150	 mTOR signaling pathway [PATH:ko04150]
09130	 Environmental Information Processing	09132	 Signal transduction	04075	 Plant hormone signal transduction [PATH:ko04075]
09130	 Environmental Information Processing	09133	 Signaling molecules and interaction	04080	 Neuroactive ligand-receptor interaction [PATH:ko04080]
09130	 Environmental Information Processing	09133	 Signaling molecules and interaction	04081	 Hormone signaling [PATH:ko04081]
09130	 Environmental Information Processing	09133	 Signaling molecules and interaction	04060	 Cytokine-cytokine receptor interaction [PATH:ko04060]
09130	 Environmental Information Processing	09133	 Signaling molecules and interaction	04061	 Viral protein interaction with cytokine and cytokine receptor [PATH:ko04061]
09130	 Environmental Information Processing	09133	 Signaling molecules and interaction	04512	 ECM-receptor interaction [PATH:ko04512]
09130	 Environmental Information Processing	09133	 Signaling molecules and interaction	04514	 Cell adhesion molecules [PATH:ko04514]
09140	 Cellular Processes	09141	 Transport and catabolism	04144	 Endocytosis [PATH:ko04144]
09140	 Cellular Processes	09141	 Transport and catabolism	04145	 Phagosome [PATH:ko04145]
09140	 Cellular Processes	09141	 Transport and catabolism	04142	 Lysosome [PATH:ko04142]
09140	 Cellular Processes	09141	 Transport and catabolism	04146	 Peroxisome [PATH:ko04146]
09140	 Cellular Processes	09141	 Transport and catabolism	04140	 Autophagy - animal [PATH:ko04140]
09140	 Cellular Processes	09141	 Transport and catabolism	04138	 Autophagy - yeast [PATH:ko04138]
09140	 Cellular Processes	09141	 Transport and catabolism	04136	 Autophagy - other [PATH:ko04136]
09140	 Cellular Processes	09141	 Transport and catabolism	04137	 Mitophagy - animal [PATH:ko04137]
09140	 Cellular Processes	09141	 Transport and catabolism	04139	 Mitophagy - yeast [PATH:ko04139]
09140	 Cellular Processes	09141	 Transport and catabolism	04148	 Efferocytosis [PATH:ko04148]
09140	 Cellular Processes	09143	 Cell growth and death	04110	 Cell cycle [PATH:ko04110]
09140	 Cellular Processes	09143	 Cell growth and death	04111	 Cell cycle - yeast [PATH:ko04111]
09140	 Cellular Processes	09143	 Cell growth and death	04112	 Cell cycle - Caulobacter [PATH:ko04112]
09140	 Cellular Processes	09143	 Cell growth and death	04113	 Meiosis - yeast [PATH:ko04113]
09140	 Cellular Processes	09143	 Cell growth and death	04114	 Oocyte meiosis [PATH:ko04114]
09140	 Cellular Processes	09143	 Cell growth and death	04210	 Apoptosis [PATH:ko04210]
09140	 Cellular Processes	09143	 Cell growth and death	04214	 Apoptosis - fly [PATH:ko04214]
09140	 Cellular Processes	09143	 Cell growth and death	04215	 Apoptosis - multiple species [PATH:ko04215]
09140	 Cellular Processes	09143	 Cell growth and death	04216	 Ferroptosis [PATH:ko04216]
09140	 Cellular Processes	09143	 Cell growth and death	04217	 Necroptosis [PATH:ko04217]
09140	 Cellular Processes	09143	 Cell growth and death	04115	 p53 signaling pathway [PATH:ko04115]
09140	 Cellular Processes	09143	 Cell growth and death	04218	 Cellular senescence [PATH:ko04218]
09140	 Cellular Processes	09144	 Cellular community - eukaryotes	04510	 Focal adhesion [PATH:ko04510]
09140	 Cellular Processes	09144	 Cellular community - eukaryotes	04520	 Adherens junction [PATH:ko04520]
09140	 Cellular Processes	09144	 Cellular community - eukaryotes	04530	 Tight junction [PATH:ko04530]
09140	 Cellular Processes	09144	 Cellular community - eukaryotes	04540	 Gap junction [PATH:ko04540]
09140	 Cellular Processes	09144	 Cellular community - eukaryotes	04550	 Signaling pathways regulating pluripotency of stem cells [PATH:ko04550]
09140	 Cellular Processes	09145	 Cellular community - prokaryotes	02024	 Quorum sensing [PATH:ko02024]
09140	 Cellular Processes	09145	 Cellular community - prokaryotes	05111	 Biofilm formation - Vibrio cholerae [PATH:ko05111]
09140	 Cellular Processes	09145	 Cellular community - prokaryotes	02025	 Biofilm formation - Pseudomonas aeruginosa [PATH:ko02025]
09140	 Cellular Processes	09145	 Cellular community - prokaryotes	02026	 Biofilm formation - Escherichia coli [PATH:ko02026]
09140	 Cellular Processes	09142	 Cell motility	02030	 Bacterial chemotaxis [PATH:ko02030]
09140	 Cellular Processes	09142	 Cell motility	02040	 Flagellar assembly [PATH:ko02040]
09140	 Cellular Processes	09142	 Cell motility	04814	 Motor proteins [PATH:ko04814]
09140	 Cellular Processes	09142	 Cell motility	04820	 Cytoskeleton in muscle cells [PATH:ko04820]
09140	 Cellular Processes	09142	 Cell motility	04810	 Regulation of actin cytoskeleton [PATH:ko04810]
09150	 Organismal Systems	09151	 Immune system	04640	 Hematopoietic cell lineage [PATH:ko04640]
09150	 Organismal Systems	09151	 Immune system	04610	 Complement and coagulation cascades [PATH:ko04610]
09150	 Organismal Systems	09151	 Immune system	04611	 Platelet activation [PATH:ko04611]
09150	 Organismal Systems	09151	 Immune system	04613	 Neutrophil extracellular trap formation [PATH:ko04613]
09150	 Organismal Systems	09151	 Immune system	04620	 Toll-like receptor signaling pathway [PATH:ko04620]
09150	 Organismal Systems	09151	 Immune system	04624	 Toll and Imd signaling pathway [PATH:ko04624]
09150	 Organismal Systems	09151	 Immune system	04621	 NOD-like receptor signaling pathway [PATH:ko04621]
09150	 Organismal Systems	09151	 Immune system	04622	 RIG-I-like receptor signaling pathway [PATH:ko04622]
09150	 Organismal Systems	09151	 Immune system	04623	 Cytosolic DNA-sensing pathway [PATH:ko04623]
09150	 Organismal Systems	09151	 Immune system	04625	 C-type lectin receptor signaling pathway [PATH:ko04625]
09150	 Organismal Systems	09151	 Immune system	04650	 Natural killer cell mediated cytotoxicity [PATH:ko04650]
09150	 Organismal Systems	09151	 Immune system	04612	 Antigen processing and presentation [PATH:ko04612]
09150	 Organismal Systems	09151	 Immune system	04660	 T cell receptor signaling pathway [PATH:ko04660]
09150	 Organismal Systems	09151	 Immune system	04658	 Th1 and Th2 cell differentiation [PATH:ko04658]
09150	 Organismal Systems	09151	 Immune system	04659	 Th17 cell differentiation [PATH:ko04659]
09150	 Organismal Systems	09151	 Immune system	04657	 IL-17 signaling pathway [PATH:ko04657]
09150	 Organismal Systems	09151	 Immune system	04662	 B cell receptor signaling pathway [PATH:ko04662]
09150	 Organismal Systems	09151	 Immune system	04664	 Fc epsilon RI signaling pathway [PATH:ko04664]
09150	 Organismal Systems	09151	 Immune system	04666	 Fc gamma R-mediated phagocytosis [PATH:ko04666]
09150	 Organismal Systems	09151	 Immune system	04670	 Leukocyte transendothelial migration [PATH:ko04670]
09150	 Organismal Systems	09151	 Immune system	04672	 Intestinal immune network for IgA production [PATH:ko04672]
09150	 Organismal Systems	09151	 Immune system	04062	 Chemokine signaling pathway [PATH:ko04062]
09150	 Organismal Systems	09152	 Endocrine system	04911	 Insulin secretion [PATH:ko04911]
09150	 Organismal Systems	09152	 Endocrine system	04910	 Insulin signaling pathway [PATH:ko04910]
09150	 Organismal Systems	09152	 Endocrine system	04922	 Glucagon signaling pathway [PATH:ko04922]
09150	 Organismal Systems	09152	 Endocrine system	04923	 Regulation of lipolysis in adipocytes [PATH:ko04923]
09150	 Organismal Systems	09152	 Endocrine system	04920	 Adipocytokine signaling pathway [PATH:ko04920]
09150	 Organismal Systems	09152	 Endocrine system	03320	 PPAR signaling pathway [PATH:ko03320]
09150	 Organismal Systems	09152	 Endocrine system	04929	 GnRH secretion [PATH:ko04929]
09150	 Organismal Systems	09152	 Endocrine system	04912	 GnRH signaling pathway [PATH:ko04912]
09150	 Organismal Systems	09152	 Endocrine system	04913	 Ovarian steroidogenesis [PATH:ko04913]
09150	 Organismal Systems	09152	 Endocrine system	04915	 Estrogen signaling pathway [PATH:ko04915]
09150	 Organismal Systems	09152	 Endocrine system	04914	 Progesterone-mediated oocyte maturation [PATH:ko04914]
09150	 Organismal Systems	09152	 Endocrine system	04917	 Prolactin signaling pathway [PATH:ko04917]
09150	 Organismal Systems	09152	 Endocrine system	04921	 Oxytocin signaling pathway [PATH:ko04921]
09150	 Organismal Systems	09152	 Endocrine system	04926	 Relaxin signaling pathway [PATH:ko04926]
09150	 Organismal Systems	09152	 Endocrine system	04935	 Growth hormone synthesis, secretion and action [PATH:ko04935]
09150	 Organismal Systems	09152	 Endocrine system	04918	 Thyroid hormone synthesis [PATH:ko04918]
09150	 Organismal Systems	09152	 Endocrine system	04919	 Thyroid hormone signaling pathway [PATH:ko04919]
09150	 Organismal Systems	09152	 Endocrine system	04928	 Parathyroid hormone synthesis, secretion and action [PATH:ko04928]
09150	 Organismal Systems	09152	 Endocrine system	04916	 Melanogenesis [PATH:ko04916]
09150	 Organismal Systems	09152	 Endocrine system	04924	 Renin secretion [PATH:ko04924]
09150	 Organismal Systems	09152	 Endocrine system	04614	 Renin-angiotensin system [PATH:ko04614]
09150	 Organismal Systems	09152	 Endocrine system	04925	 Aldosterone synthesis and secretion [PATH:ko04925]
09150	 Organismal Systems	09152	 Endocrine system	04927	 Cortisol synthesis and secretion [PATH:ko04927]
09150	 Organismal Systems	09153	 Circulatory system	04260	 Cardiac muscle contraction [PATH:ko04260]
09150	 Organismal Systems	09153	 Circulatory system	04261	 Adrenergic signaling in cardiomyocytes [PATH:ko04261]
09150	 Organismal Systems	09153	 Circulatory system	04270	 Vascular smooth muscle contraction [PATH:ko04270]
09150	 Organismal Systems	09154	 Digestive system	04970	 Salivary secretion [PATH:ko04970]
09150	 Organismal Systems	09154	 Digestive system	04971	 Gastric acid secretion [PATH:ko04971]
09150	 Organismal Systems	09154	 Digestive system	04972	 Pancreatic secretion [PATH:ko04972]
09150	 Organismal Systems	09154	 Digestive system	04976	 Bile secretion [PATH:ko04976]
09150	 Organismal Systems	09154	 Digestive system	04973	 Carbohydrate digestion and absorption [PATH:ko04973]
09150	 Organismal Systems	09154	 Digestive system	04974	 Protein digestion and absorption [PATH:ko04974]
09150	 Organismal Systems	09154	 Digestive system	04975	 Fat digestion and absorption [PATH:ko04975]
09150	 Organismal Systems	09154	 Digestive system	04979	 Cholesterol metabolism [PATH:ko04979]
09150	 Organismal Systems	09154	 Digestive system	04977	 Vitamin digestion and absorption [PATH:ko04977]
09150	 Organismal Systems	09154	 Digestive system	04981	 Folate transport and metabolism [PATH:ko04981]
09150	 Organismal Systems	09154	 Digestive system	04980	 Cobalamin transport and metabolism [PATH:ko04980]
09150	 Organismal Systems	09154	 Digestive system	04978	 Mineral absorption [PATH:ko04978]
09150	 Organismal Systems	09155	 Excretory system	04962	 Vasopressin-regulated water reabsorption [PATH:ko04962]
09150	 Organismal Systems	09155	 Excretory system	04960	 Aldosterone-regulated sodium reabsorption [PATH:ko04960]
09150	 Organismal Systems	09155	 Excretory system	04961	 Endocrine and other factor-regulated calcium reabsorption [PATH:ko04961]
09150	 Organismal Systems	09155	 Excretory system	04964	 Proximal tubule bicarbonate reclamation [PATH:ko04964]
09150	 Organismal Systems	09155	 Excretory system	04966	 Collecting duct acid secretion [PATH:ko04966]
09150	 Organismal Systems	09156	 Nervous system	04724	 Glutamatergic synapse [PATH:ko04724]
09150	 Organismal Systems	09156	 Nervous system	04727	 GABAergic synapse [PATH:ko04727]
09150	 Organismal Systems	09156	 Nervous system	04725	 Cholinergic synapse [PATH:ko04725]
09150	 Organismal Systems	09156	 Nervous system	04728	 Dopaminergic synapse [PATH:ko04728]
09150	 Organismal Systems	09156	 Nervous system	04726	 Serotonergic synapse [PATH:ko04726]
09150	 Organismal Systems	09156	 Nervous system	04720	 Long-term potentiation [PATH:ko04720]
09150	 Organismal Systems	09156	 Nervous system	04730	 Long-term depression [PATH:ko04730]
09150	 Organismal Systems	09156	 Nervous system	04723	 Retrograde endocannabinoid signaling [PATH:ko04723]
09150	 Organismal Systems	09156	 Nervous system	04721	 Synaptic vesicle cycle [PATH:ko04721]
09150	 Organismal Systems	09156	 Nervous system	04722	 Neurotrophin signaling pathway [PATH:ko04722]
09150	 Organismal Systems	09157	 Sensory system	04744	 Phototransduction [PATH:ko04744]
09150	 Organismal Systems	09157	 Sensory system	04745	 Phototransduction - fly [PATH:ko04745]
09150	 Organismal Systems	09157	 Sensory system	04740	 Olfactory transduction [PATH:ko04740]
09150	 Organismal Systems	09157	 Sensory system	04742	 Taste transduction [PATH:ko04742]
09150	 Organismal Systems	09157	 Sensory system	04750	 Inflammatory mediator regulation of TRP channels [PATH:ko04750]
09150	 Organismal Systems	09158	 Development and regeneration	04320	 Dorso-ventral axis formation [PATH:ko04320]
09150	 Organismal Systems	09158	 Development and regeneration	04360	 Axon guidance [PATH:ko04360]
09150	 Organismal Systems	09158	 Development and regeneration	04361	 Axon regeneration [PATH:ko04361]
09150	 Organismal Systems	09158	 Development and regeneration	04380	 Osteoclast differentiation [PATH:ko04380]
09150	 Organismal Systems	09149	 Aging	04211	 Longevity regulating pathway [PATH:ko04211]
09150	 Organismal Systems	09149	 Aging	04212	 Longevity regulating pathway - worm [PATH:ko04212]
09150	 Organismal Systems	09149	 Aging	04213	 Longevity regulating pathway - multiple species [PATH:ko04213]
09150	 Organismal Systems	09159	 Environmental adaptation	04710	 Circadian rhythm [PATH:ko04710]
09150	 Organismal Systems	09159	 Environmental adaptation	04713	 Circadian entrainment [PATH:ko04713]
09150	 Organismal Systems	09159	 Environmental adaptation	04711	 Circadian rhythm - fly [PATH:ko04711]
09150	 Organismal Systems	09159	 Environmental adaptation	04712	 Circadian rhythm - plant [PATH:ko04712]
09150	 Organismal Systems	09159	 Environmental adaptation	04714	 Thermogenesis [PATH:ko04714]
09150	 Organismal Systems	09159	 Environmental adaptation	04626	 Plant-pathogen interaction [PATH:ko04626]
09160	 Human Diseases	09161	 Cancer: overview	05200	 Pathways in cancer [PATH:ko05200]
09160	 Human Diseases	09161	 Cancer: overview	05202	 Transcriptional misregulation in cancer [PATH:ko05202]
09160	 Human Diseases	09161	 Cancer: overview	05206	 MicroRNAs in cancer [PATH:ko05206]
09160	 Human Diseases	09161	 Cancer: overview	05205	 Proteoglycans in cancer [PATH:ko05205]
09160	 Human Diseases	09161	 Cancer: overview	05204	 Chemical carcinogenesis - DNA adducts [PATH:ko05204]
09160	 Human Diseases	09161	 Cancer: overview	05207	 Chemical carcinogenesis - receptor activation [PATH:ko05207]
09160	 Human Diseases	09161	 Cancer: overview	05208	 Chemical carcinogenesis - reactive oxygen species [PATH:ko05208]
09160	 Human Diseases	09161	 Cancer: overview	05203	 Viral carcinogenesis [PATH:ko05203]
09160	 Human Diseases	09161	 Cancer: overview	05230	 Central carbon metabolism in cancer [PATH:ko05230]
09160	 Human Diseases	09161	 Cancer: overview	05231	 Choline metabolism in cancer [PATH:ko05231]
09160	 Human Diseases	09161	 Cancer: overview	05235	 PD-L1 expression and PD-1 checkpoint pathway in cancer [PATH:ko05235]
09160	 Human Diseases	09162	 Cancer: specific types	05210	 Colorectal cancer [PATH:ko05210]
09160	 Human Diseases	09162	 Cancer: specific types	05212	 Pancreatic cancer [PATH:ko05212]
09160	 Human Diseases	09162	 Cancer: specific types	05225	 Hepatocellular carcinoma [PATH:ko05225]
09160	 Human Diseases	09162	 Cancer: specific types	05226	 Gastric cancer [PATH:ko05226]
09160	 Human Diseases	09162	 Cancer: specific types	05214	 Glioma [PATH:ko05214]
09160	 Human Diseases	09162	 Cancer: specific types	05216	 Thyroid cancer [PATH:ko05216]
09160	 Human Diseases	09162	 Cancer: specific types	05221	 Acute myeloid leukemia [PATH:ko05221]
09160	 Human Diseases	09162	 Cancer: specific types	05220	 Chronic myeloid leukemia [PATH:ko05220]
09160	 Human Diseases	09162	 Cancer: specific types	05217	 Basal cell carcinoma [PATH:ko05217]
09160	 Human Diseases	09162	 Cancer: specific types	05218	 Melanoma [PATH:ko05218]
09160	 Human Diseases	09162	 Cancer: specific types	05211	 Renal cell carcinoma [PATH:ko05211]
09160	 Human Diseases	09162	 Cancer: specific types	05219	 Bladder cancer [PATH:ko05219]
09160	 Human Diseases	09162	 Cancer: specific types	05215	 Prostate cancer [PATH:ko05215]
09160	 Human Diseases	09162	 Cancer: specific types	05213	 Endometrial cancer [PATH:ko05213]
09160	 Human Diseases	09162	 Cancer: specific types	05224	 Breast cancer [PATH:ko05224]
09160	 Human Diseases	09162	 Cancer: specific types	05222	 Small cell lung cancer [PATH:ko05222]
09160	 Human Diseases	09162	 Cancer: specific types	05223	 Non-small cell lung cancer [PATH:ko05223]
09160	 Human Diseases	09172	 Infectious disease: viral	05166	 Human T-cell leukemia virus 1 infection [PATH:ko05166]
09160	 Human Diseases	09172	 Infectious disease: viral	05170	 Human immunodeficiency virus 1 infection [PATH:ko05170]
09160	 Human Diseases	09172	 Infectious disease: viral	05161	 Hepatitis B [PATH:ko05161]
09160	 Human Diseases	09172	 Infectious disease: viral	05160	 Hepatitis C [PATH:ko05160]
09160	 Human Diseases	09172	 Infectious disease: viral	05171	 Coronavirus disease - COVID-19 [PATH:ko05171]
09160	 Human Diseases	09172	 Infectious disease: viral	05164	 Influenza A [PATH:ko05164]
09160	 Human Diseases	09172	 Infectious disease: viral	05162	 Measles [PATH:ko05162]
09160	 Human Diseases	09172	 Infectious disease: viral	05168	 Herpes simplex virus 1 infection [PATH:ko05168]
09160	 Human Diseases	09172	 Infectious disease: viral	05163	 Human cytomegalovirus infection [PATH:ko05163]
09160	 Human Diseases	09172	 Infectious disease: viral	05167	 Kaposi sarcoma-associated herpesvirus infection [PATH:ko05167]
09160	 Human Diseases	09172	 Infectious disease: viral	05169	 Epstein-Barr virus infection [PATH:ko05169]
09160	 Human Diseases	09172	 Infectious disease: viral	05165	 Human papillomavirus infection [PATH:ko05165]
09160	 Human Diseases	09171	 Infectious disease: bacterial	05110	 Vibrio cholerae infection [PATH:ko05110]
09160	 Human Diseases	09171	 Infectious disease: bacterial	05120	 Epithelial cell signaling in Helicobacter pylori infection [PATH:ko05120]
09160	 Human Diseases	09171	 Infectious disease: bacterial	05130	 Pathogenic Escherichia coli infection [PATH:ko05130]
09160	 Human Diseases	09171	 Infectious disease: bacterial	05132	 Salmonella infection [PATH:ko05132]
09160	 Human Diseases	09171	 Infectious disease: bacterial	05131	 Shigellosis [PATH:ko05131]
09160	 Human Diseases	09171	 Infectious disease: bacterial	05135	 Yersinia infection [PATH:ko05135]
09160	 Human Diseases	09171	 Infectious disease: bacterial	05133	 Pertussis [PATH:ko05133]
09160	 Human Diseases	09171	 Infectious disease: bacterial	05134	 Legionellosis [PATH:ko05134]
09160	 Human Diseases	09171	 Infectious disease: bacterial	05150	 Staphylococcus aureus infection [PATH:ko05150]
09160	 Human Diseases	09171	 Infectious disease: bacterial	05152	 Tuberculosis [PATH:ko05152]
09160	 Human Diseases	09171	 Infectious disease: bacterial	05100	 Bacterial invasion of epithelial cells [PATH:ko05100]
09160	 Human Diseases	09174	 Infectious disease: parasitic	05146	 Amoebiasis [PATH:ko05146]
09160	 Human Diseases	09174	 Infectious disease: parasitic	05144	 Malaria [PATH:ko05144]
09160	 Human Diseases	09174	 Infectious disease: parasitic	05145	 Toxoplasmosis [PATH:ko05145]
09160	 Human Diseases	09174	 Infectious disease: parasitic	05140	 Leishmaniasis [PATH:ko05140]
09160	 Human Diseases	09174	 Infectious disease: parasitic	05142	 Chagas disease [PATH:ko05142]
09160	 Human Diseases	09174	 Infectious disease: parasitic	05143	 African trypanosomiasis [PATH:ko05143]
09160	 Human Diseases	09163	 Immune disease	05310	 Asthma [PATH:ko05310]
09160	 Human Diseases	09163	 Immune disease	05322	 Systemic lupus erythematosus [PATH:ko05322]
09160	 Human Diseases	09163	 Immune disease	05323	 Rheumatoid arthritis [PATH:ko05323]
09160	 Human Diseases	09163	 Immune disease	05320	 Autoimmune thyroid disease [PATH:ko05320]
09160	 Human Diseases	09163	 Immune disease	05321	 Inflammatory bowel disease [PATH:ko05321]
09160	 Human Diseases	09163	 Immune disease	05330	 Allograft rejection [PATH:ko05330]
09160	 Human Diseases	09163	 Immune disease	05332	 Graft-versus-host disease [PATH:ko05332]
09160	 Human Diseases	09163	 Immune disease	05340	 Primary immunodeficiency [PATH:ko05340]
09160	 Human Diseases	09164	 Neurodegenerative disease	05010	 Alzheimer disease [PATH:ko05010]
09160	 Human Diseases	09164	 Neurodegenerative disease	05012	 Parkinson disease [PATH:ko05012]
09160	 Human Diseases	09164	 Neurodegenerative disease	05014	 Amyotrophic lateral sclerosis [PATH:ko05014]
09160	 Human Diseases	09164	 Neurodegenerative disease	05016	 Huntington disease [PATH:ko05016]
09160	 Human Diseases	09164	 Neurodegenerative disease	05017	 Spinocerebellar ataxia [PATH:ko05017]
09160	 Human Diseases	09164	 Neurodegenerative disease	05020	 Prion disease [PATH:ko05020]
09160	 Human Diseases	09164	 Neurodegenerative disease	05022	 Pathways of neurodegeneration - multiple diseases [PATH:ko05022]
09160	 Human Diseases	09165	 Substance dependence	05030	 Cocaine addiction [PATH:ko05030]
09160	 Human Diseases	09165	 Substance dependence	05031	 Amphetamine addiction [PATH:ko05031]
09160	 Human Diseases	09165	 Substance dependence	05032	 Morphine addiction [PATH:ko05032]
09160	 Human Diseases	09165	 Substance dependence	05033	 Nicotine addiction [PATH:ko05033]
09160	 Human Diseases	09165	 Substance dependence	05034	 Alcoholism [PATH:ko05034]
09160	 Human Diseases	09166	 Cardiovascular disease	05417	 Lipid and atherosclerosis [PATH:ko05417]
09160	 Human Diseases	09166	 Cardiovascular disease	05418	 Fluid shear stress and atherosclerosis [PATH:ko05418]
09160	 Human Diseases	09166	 Cardiovascular disease	05410	 Hypertrophic cardiomyopathy [PATH:ko05410]
09160	 Human Diseases	09166	 Cardiovascular disease	05412	 Arrhythmogenic right ventricular cardiomyopathy [PATH:ko05412]
09160	 Human Diseases	09166	 Cardiovascular disease	05414	 Dilated cardiomyopathy [PATH:ko05414]
09160	 Human Diseases	09166	 Cardiovascular disease	05415	 Diabetic cardiomyopathy [PATH:ko05415]
09160	 Human Diseases	09166	 Cardiovascular disease	05416	 Viral myocarditis [PATH:ko05416]
09160	 Human Diseases	09167	 Endocrine and metabolic disease	04930	 Type II diabetes mellitus [PATH:ko04930]
09160	 Human Diseases	09167	 Endocrine and metabolic disease	04940	 Type I diabetes mellitus [PATH:ko04940]
09160	 Human Diseases	09167	 Endocrine and metabolic disease	04950	 Maturity onset diabetes of the young [PATH:ko04950]
09160	 Human Diseases	09167	 Endocrine and metabolic disease	04936	 Alcoholic liver disease [PATH:ko04936]
09160	 Human Diseases	09167	 Endocrine and metabolic disease	04932	 Non-alcoholic fatty liver disease [PATH:ko04932]
09160	 Human Diseases	09167	 Endocrine and metabolic disease	04931	 Insulin resistance [PATH:ko04931]
09160	 Human Diseases	09167	 Endocrine and metabolic disease	04933	 AGE-RAGE signaling pathway in diabetic complications [PATH:ko04933]
09160	 Human Diseases	09167	 Endocrine and metabolic disease	04934	 Cushing syndrome [PATH:ko04934]
09160	 Human Diseases	09175	 Drug resistance: antimicrobial	01501	 beta-Lactam resistance [PATH:ko01501]
09160	 Human Diseases	09175	 Drug resistance: antimicrobial	01502	 Vancomycin resistance [PATH:ko01502]
09160	 Human Diseases	09175	 Drug resistance: antimicrobial	01503	 Cationic antimicrobial peptide (CAMP) resistance [PATH:ko01503]
09160	 Human Diseases	09176	 Drug resistance: antineoplastic	01521	 EGFR tyrosine kinase inhibitor resistance [PATH:ko01521]
09160	 Human Diseases	09176	 Drug resistance: antineoplastic	01524	 Platinum drug resistance [PATH:ko01524]
09160	 Human Diseases	09176	 Drug resistance: antineoplastic	01523	 Antifolate resistance [PATH:ko01523]
09160	 Human Diseases	09176	 Drug resistance: antineoplastic	01522	 Endocrine resistance [PATH:ko01522]
09180	 Brite Hierarchies	09181	 Protein families: metabolism	01000	 Enzymes [BR:ko01000]
09180	 Brite Hierarchies	09181	 Protein families: metabolism	01001	 Protein kinases [BR:ko01001]
09180	 Brite Hierarchies	09181	 Protein families: metabolism	01009	 Protein phosphatases and associated proteins [BR:ko01009]
09180	 Brite Hierarchies	09181	 Protein families: metabolism	01002	 Peptidases and inhibitors [BR:ko01002]
09180	 Brite Hierarchies	09181	 Protein families: metabolism	01003	 Glycosyltransferases [BR:ko01003]
09180	 Brite Hierarchies	09181	 Protein families: metabolism	01005	 Lipopolysaccharide biosynthesis proteins [BR:ko01005]
09180	 Brite Hierarchies	09181	 Protein families: metabolism	01011	 Peptidoglycan biosynthesis and degradation proteins [BR:ko01011]
09180	 Brite Hierarchies	09181	 Protein families: metabolism	01004	 Lipid biosynthesis proteins [BR:ko01004]
09180	 Brite Hierarchies	09181	 Protein families: metabolism	01008	 Polyketide biosynthesis proteins [BR:ko01008]
09180	 Brite Hierarchies	09181	 Protein families: metabolism	01006	 Prenyltransferases [BR:ko01006]
09180	 Brite Hierarchies	09181	 Protein families: metabolism	01007	 Amino acid related enzymes [BR:ko01007]
09180	 Brite Hierarchies	09181	 Protein families: metabolism	00199	 Cytochrome P450 [BR:ko00199]
09180	 Brite Hierarchies	09181	 Protein families: metabolism	00194	 Photosynthesis proteins [BR:ko00194]
09180	 Brite Hierarchies	09182	 Protein families: genetic information processing	03000	 Transcription factors [BR:ko03000]
09180	 Brite Hierarchies	09182	 Protein families: genetic information processing	03021	 Transcription machinery [BR:ko03021]
09180	 Brite Hierarchies	09182	 Protein families: genetic information processing	03019	 Messenger RNA biogenesis [BR:ko03019]
09180	 Brite Hierarchies	09182	 Protein families: genetic information processing	03041	 Spliceosome [BR:ko03041]
09180	 Brite Hierarchies	09182	 Protein families: genetic information processing	03011	 Ribosome [BR:ko03011]
09180	 Brite Hierarchies	09182	 Protein families: genetic information processing	03009	 Ribosome biogenesis [BR:ko03009]
09180	 Brite Hierarchies	09182	 Protein families: genetic information processing	03016	 Transfer RNA biogenesis [BR:ko03016]
09180	 Brite Hierarchies	09182	 Protein families: genetic information processing	03012	 Translation factors [BR:ko03012]
09180	 Brite Hierarchies	09182	 Protein families: genetic information processing	03110	 Chaperones and folding catalysts [BR:ko03110]
09180	 Brite Hierarchies	09182	 Protein families: genetic information processing	04131	 Membrane trafficking [BR:ko04131]
09180	 Brite Hierarchies	09182	 Protein families: genetic information processing	04121	 Ubiquitin system [BR:ko04121]
09180	 Brite Hierarchies	09182	 Protein families: genetic information processing	03051	 Proteasome [BR:ko03051]
09180	 Brite Hierarchies	09182	 Protein families: genetic information processing	03032	 DNA replication proteins [BR:ko03032]
09180	 Brite Hierarchies	09182	 Protein families: genetic information processing	03036	 Chromosome and associated proteins [BR:ko03036]
09180	 Brite Hierarchies	09182	 Protein families: genetic information processing	03400	 DNA repair and recombination proteins [BR:ko03400]
09180	 Brite Hierarchies	09182	 Protein families: genetic information processing	03029	 Mitochondrial biogenesis [BR:ko03029]
09180	 Brite Hierarchies	09183	 Protein families: signaling and cellular processes	02000	 Transporters [BR:ko02000]
09180	 Brite Hierarchies	09183	 Protein families: signaling and cellular processes	02044	 Secretion system [BR:ko02044]
09180	 Brite Hierarchies	09183	 Protein families: signaling and cellular processes	02042	 Bacterial toxins [BR:ko02042]
09180	 Brite Hierarchies	09183	 Protein families: signaling and cellular processes	02022	 Two-component system [BR:ko02022]
09180	 Brite Hierarchies	09183	 Protein families: signaling and cellular processes	02035	 Bacterial motility proteins [BR:ko02035]
09180	 Brite Hierarchies	09183	 Protein families: signaling and cellular processes	03037	 Cilium and associated proteins [BR:ko03037]
09180	 Brite Hierarchies	09183	 Protein families: signaling and cellular processes	04812	 Cytoskeleton proteins [BR:ko04812]
09180	 Brite Hierarchies	09183	 Protein families: signaling and cellular processes	04147	 Exosome [BR:ko04147]
09180	 Brite Hierarchies	09183	 Protein families: signaling and cellular processes	02048	 Prokaryotic defense system [BR:ko02048]
09180	 Brite Hierarchies	09183	 Protein families: signaling and cellular processes	04030	 G protein-coupled receptors [BR:ko04030]
09180	 Brite Hierarchies	09183	 Protein families: signaling and cellular processes	04050	 Cytokine receptors [BR:ko04050]
09180	 Brite Hierarchies	09183	 Protein families: signaling and cellular processes	04054	 Pattern recognition receptors [BR:ko04054]
09180	 Brite Hierarchies	09183	 Protein families: signaling and cellular processes	03310	 Nuclear receptors [BR:ko03310]
09180	 Brite Hierarchies	09183	 Protein families: signaling and cellular processes	04040	 Ion channels [BR:ko04040]
09180	 Brite Hierarchies	09183	 Protein families: signaling and cellular processes	04031	 GTP-binding proteins [BR:ko04031]
09180	 Brite Hierarchies	09183	 Protein families: signaling and cellular processes	04052	 Cytokines and neuropeptides [BR:ko04052]
09180	 Brite Hierarchies	09183	 Protein families: signaling and cellular processes	04515	 Cell adhesion molecules [BR:ko04515]
09180	 Brite Hierarchies	09183	 Protein families: signaling and cellular processes	04090	 CD molecules [BR:ko04090]
09180	 Brite Hierarchies	09183	 Protein families: signaling and cellular processes	01504	 Antimicrobial resistance genes [BR:ko01504]
09180	 Brite Hierarchies	09183	 Protein families: signaling and cellular processes	00535	 Proteoglycans [BR:ko00535]
09180	 Brite Hierarchies	09183	 Protein families: signaling and cellular processes	00536	 Glycosaminoglycan binding proteins [BR:ko00536]
09180	 Brite Hierarchies	09183	 Protein families: signaling and cellular processes	00537	 Glycosylphosphatidylinositol (GPI)-anchored proteins [BR:ko00537]
09180	 Brite Hierarchies	09183	 Protein families: signaling and cellular processes	04091	 Lectins [BR:ko04091]
09180	 Brite Hierarchies	09183	 Protein families: signaling and cellular processes	04990	 Domain-containing proteins not elsewhere classified [BR:ko04990]
09180	 Brite Hierarchies	09185	 Viral protein families	03200	 Viral proteins [BR:ko03200]
09180	 Brite Hierarchies	09185	 Viral protein families	03210	 Viral fusion proteins [BR:ko03210]
09180	 Brite Hierarchies	09184	 RNA family	03100	 Non-coding RNAs [BR:ko03100]
09190	 Not Included in Pathway or Brite	09191	 Unclassified: metabolism	99980	 Enzymes with EC numbers
09190	 Not Included in Pathway or Brite	09191	 Unclassified: metabolism	99981	 Carbohydrate metabolism
09190	 Not Included in Pathway or Brite	09191	 Unclassified: metabolism	99982	 Energy metabolism
09190	 Not Included in Pathway or Brite	09191	 Unclassified: metabolism	99983	 Lipid metabolism
09190	 Not Included in Pathway or Brite	09191	 Unclassified: metabolism	99984	 Nucleotide metabolism
09190	 Not Included in Pathway or Brite	09191	 Unclassified: metabolism	99985	 Amino acid metabolism
09190	 Not Included in Pathway or Brite	09191	 Unclassified: metabolism	99986	 Glycan metabolism
09190	 Not Included in Pathway or Brite	09191	 Unclassified: metabolism	99987	 Cofactor metabolism
09190	 Not Included in Pathway or Brite	09191	 Unclassified: metabolism	99988	 Secondary metabolism
09190	 Not Included in Pathway or Brite	09191	 Unclassified: metabolism	99999	 Others
09190	 Not Included in Pathway or Brite	09192	 Unclassified: genetic information processing	99973	 Transcription
09190	 Not Included in Pathway or Brite	09192	 Unclassified: genetic information processing	99974	 Translation
09190	 Not Included in Pathway or Brite	09192	 Unclassified: genetic information processing	99975	 Protein processing
09190	 Not Included in Pathway or Brite	09192	 Unclassified: genetic information processing	99976	 Replication and repair
09190	 Not Included in Pathway or Brite	09192	 Unclassified: genetic information processing	99979	 Viral proteins
09190	 Not Included in Pathway or Brite	09192	 Unclassified: genetic information processing	99998	 Others
09190	 Not Included in Pathway or Brite	09193	 Unclassified: signaling and cellular processes	99977	 Transport
09190	 Not Included in Pathway or Brite	09193	 Unclassified: signaling and cellular processes	99978	 Cell growth
09190	 Not Included in Pathway or Brite	09193	 Unclassified: signaling and cellular processes	99993	 Cell motility
09190	 Not Included in Pathway or Brite	09193	 Unclassified: signaling and cellular processes	99995	 Signaling proteins
09190	 Not Included in Pathway or Brite	09193	 Unclassified: signaling and cellular processes	99992	 Structural proteins
09190	 Not Included in Pathway or Brite	09193	 Unclassified: signaling and cellular processes	99994	 Others
09190	 Not Included in Pathway or Brite	09194	 Poorly characterized	99996	 General function prediction only
09190	 Not Included in Pathway or Brite	09194	 Poorly characterized	99997	 Function unknown
