accession	family	genus	species	sample_type
GCA_003248605.1	f__Microbacteriaceae	g__Microbacterium	s__Microbacterium sp003248605	ncbi
GCA_003476465.1	f__Microbacteriaceae	g__Microbacterium	s__Microbacterium sp003476465	ncbi
GCF_002812725.1	f__Microbacteriaceae	g__Microbacterium	s__Microbacterium sp002812725	ncbi
GCF_002812805.1	f__Microbacteriaceae	g__Microbacterium	s__Microbacterium lacus	ncbi
GCF_006715145.1	f__Microbacteriaceae	g__Microbacterium	s__Microbacterium sp006715145	ncbi
GCF_013409465.1	f__Microbacteriaceae	g__Microbacterium	s__Microbacterium pumilum	ncbi
GCF_001427525.1	f__Microbacteriaceae	g__Microbacterium	s__Microbacterium sp001427525	ncbi
GCF_003991875.1	f__Microbacteriaceae	g__Microbacterium	s__Microbacterium lemovicicum	ncbi
GCF_008710745.1	f__Microbacteriaceae	g__Microbacterium	s__Microbacterium rhizomatis	ncbi
GCA_018895315.1	f__Microbacteriaceae	g__Microbacterium	s__Microbacterium sp018895315	ncbi
GCF_900100885.1	f__Microbacteriaceae	g__Microbacterium	s__Microbacterium pygmaeum	ncbi
GCF_013408285.1	f__Microbacteriaceae	g__Microbacterium	s__Microbacterium sp013408285	ncbi
GCA_011620715.1	f__Microbacteriaceae	g__Microbacterium	s__Microbacterium sp011620715	ncbi
GCF_900114345.1	f__Microbacteriaceae	g__Microbacterium	s__Microbacterium sp900114345	ncbi
GCF_000304335.1	f__Microbacteriaceae	g__Microbacterium	s__Microbacterium yannicii_A	ncbi
GCF_012524205.1	f__Microbacteriaceae	g__Microbacterium	s__Microbacterium sp012524205	ncbi
GCF_004010105.1	f__Microbacteriaceae	g__Microbacterium	s__Microbacterium sp004010105	ncbi
GCF_015277855.1	f__Microbacteriaceae	g__Microbacterium	s__Microbacterium sp015277855	ncbi
GCF_015277815.1	f__Microbacteriaceae	g__Microbacterium	s__Microbacterium sp015277815	ncbi
GCF_000380605.1	f__Microbacteriaceae	g__Microbacterium	s__Microbacterium sp000380605	ncbi
GCF_014779795.1	f__Microbacteriaceae	g__Microbacterium	s__Microbacterium helvum	ncbi
GCF_006783905.1	f__Microbacteriaceae	g__Microbacterium	s__Microbacterium kyungheense	ncbi
GCF_014873155.1	f__Microbacteriaceae	g__Microbacterium	s__Microbacterium sp014873155	ncbi
GCF_000956465.1	f__Microbacteriaceae	g__Microbacterium	s__Microbacterium trichothecenolyticum	ncbi
GCF_001422925.1	f__Microbacteriaceae	g__Microbacterium	s__Microbacterium sp001422925	ncbi
GCF_003386735.1	f__Microbacteriaceae	g__Microbacterium	s__Microbacterium trichothecenolyticum_A	ncbi
GCF_009858275.1	f__Microbacteriaceae	g__Microbacterium	s__Microbacterium sp009858275	ncbi
GCF_010634855.1	f__Microbacteriaceae	g__Microbacterium	s__Microbacterium sp010634855	ncbi
GCF_015278355.1	f__Microbacteriaceae	g__Microbacterium	s__Microbacterium yannicii_B	ncbi
GCF_015278255.1	f__Microbacteriaceae	g__Microbacterium	s__Microbacterium hibisci	ncbi
GCF_015278315.1	f__Microbacteriaceae	g__Microbacterium	s__Microbacterium ureisolvens	ncbi
GCF_900292075.1	f__Microbacteriaceae	g__Microbacterium	s__Microbacterium timonense	ncbi
GCF_001428485.1	f__Microbacteriaceae	g__Microbacterium	s__Microbacterium sp001428485	ncbi
GCF_012847295.1	f__Microbacteriaceae	g__Microbacterium	s__Microbacterium sp012847295	ncbi
GCF_016907635.1	f__Microbacteriaceae	g__Microbacterium	s__Microbacterium insulae	ncbi
GCF_014837165.1	f__Microbacteriaceae	g__Microbacterium	s__Microbacterium sp014837165	ncbi
GCF_018588945.1	f__Microbacteriaceae	g__Microbacterium	s__Microbacterium flavescens	ncbi
GCF_001427145.1	f__Microbacteriaceae	g__Microbacterium	s__Microbacterium sp001427145	ncbi
GCF_003999995.1	f__Microbacteriaceae	g__Microbacterium	s__Microbacterium sp003999995	ncbi
GCF_005502885.1	f__Microbacteriaceae	g__Microbacterium	s__Microbacterium sp005502885	ncbi
GCF_013409015.1	f__Microbacteriaceae	g__Microbacterium	s__Microbacterium sp013409015	ncbi
GCF_014208045.1	f__Microbacteriaceae	g__Microbacterium	s__Microbacterium thalassium	ncbi
GCF_013282805.1	f__Microbacteriaceae	g__Microbacterium	s__Microbacterium hominis_B	ncbi
GCF_017831975.1	f__Microbacteriaceae	g__Microbacterium	s__Microbacterium terrae	ncbi
GCF_004362195.1	f__Microbacteriaceae	g__Microbacterium	s__Microbacterium sp004362195	ncbi
GCF_006715675.1	f__Microbacteriaceae	g__Microbacterium	s__Microbacterium sp006715675	ncbi
GCF_011046485.1	f__Microbacteriaceae	g__Microbacterium	s__Microbacterium sp011046485	ncbi
GCF_011759705.1	f__Microbacteriaceae	g__Microbacterium	s__Microbacterium ulmi	ncbi
GCF_900155915.1	f__Microbacteriaceae	g__Microbacterium	s__Microbacterium sp900155915	ncbi
GCF_013409785.1	f__Microbacteriaceae	g__Microbacterium	s__Microbacterium immunditiarum	ncbi
GCF_013410955.1	f__Microbacteriaceae	g__Microbacterium	s__Microbacterium sp013410955	ncbi
GCF_003850245.1	f__Microbacteriaceae	g__Microbacterium	s__Microbacterium sp003850245	ncbi
GCF_006715565.1	f__Microbacteriaceae	g__Microbacterium	s__Microbacterium sp006715565	ncbi
GCF_015565955.1	f__Microbacteriaceae	g__Microbacterium	s__Microbacterium schleiferi	ncbi
GCA_001898325.1	f__Microbacteriaceae	g__Microbacterium	s__Microbacterium sp001898325	ncbi
GCA_002313585.1	f__Microbacteriaceae	g__Microbacterium	s__Microbacterium sp002313585	ncbi
GCF_003931875.1	f__Microbacteriaceae	g__Microbacterium	s__Microbacterium sp003931875	ncbi
GCF_004564355.1	f__Microbacteriaceae	g__Microbacterium	s__Microbacterium wangchenii	ncbi
GCF_008727775.1	f__Microbacteriaceae	g__Microbacterium	s__Microbacterium lushaniae	ncbi
GCF_003635115.1	f__Microbacteriaceae	g__Microbacterium	s__Microbacterium sp003635115	ncbi
GCF_003095395.1	f__Microbacteriaceae	g__Microbacterium	s__Microbacterium sp003095395	ncbi
GCF_008017415.1	f__Microbacteriaceae	g__Microbacterium	s__Microbacterium hatanonis	ncbi
GCF_005774735.1	f__Microbacteriaceae	g__Microbacterium	s__Microbacterium sp005774735	ncbi
GCF_004022425.1	f__Microbacteriaceae	g__Microbacterium	s__Microbacterium enclense_A	ncbi
GCF_001984105.1	f__Microbacteriaceae	g__Microbacterium	s__Microbacterium sp001984105	ncbi
GCF_004366135.1	f__Microbacteriaceae	g__Microbacterium	s__Microbacterium sp004366135	ncbi
GCF_000333395.1	f__Microbacteriaceae	g__Microbacterium	s__Microbacterium sp000333395	ncbi
GCF_001619615.1	f__Microbacteriaceae	g__Microbacterium	s__Microbacterium sp001619615	ncbi
GCF_900156455.1	f__Microbacteriaceae	g__Microbacterium	s__Microbacterium sp900156455	ncbi
GCA_016870695.1	f__Microbacteriaceae	g__Microbacterium	s__Microbacterium sp016870695	ncbi
GCF_001476285.1	f__Microbacteriaceae	g__Microbacterium	s__Microbacterium testaceum_B	ncbi
GCF_000202635.1	f__Microbacteriaceae	g__Microbacterium	s__Microbacterium testaceum_F	ncbi
GCF_001476655.1	f__Microbacteriaceae	g__Microbacterium	s__Microbacterium testaceum_C	ncbi
GCF_001792815.1	f__Microbacteriaceae	g__Microbacterium	s__Microbacterium sp001792815	ncbi
GCF_007679045.1	f__Microbacteriaceae	g__Microbacterium	s__Microbacterium sp007679045	ncbi
GCF_900104345.1	f__Microbacteriaceae	g__Microbacterium	s__Microbacterium testaceum_A	ncbi
GCF_008763945.1	f__Microbacteriaceae	g__Microbacterium	s__Microbacterium testaceum_G	ncbi
GCF_017833635.1	f__Microbacteriaceae	g__Microbacterium	s__Microbacterium sp017833635	ncbi
GCF_003386675.1	f__Microbacteriaceae	g__Microbacterium	s__Microbacterium chocolatum_A	ncbi
GCF_006539145.1	f__Microbacteriaceae	g__Microbacterium	s__Microbacterium testaceum	ncbi
GCF_001456955.1	f__Microbacteriaceae	g__Microbacterium	s__Microbacterium enclense	ncbi
GCF_001424225.1	f__Microbacteriaceae	g__Microbacterium	s__Microbacterium sp001424225	ncbi
GCF_014192415.1	f__Microbacteriaceae	g__Microbacterium	s__Microbacterium proteolyticum	ncbi
GCF_003075375.1	f__Microbacteriaceae	g__Microbacterium	s__Microbacterium testaceum_E	ncbi
GCF_004854025.1	f__Microbacteriaceae	g__Microbacterium	s__Microbacterium hydrothermale	ncbi
GCF_900156435.1	f__Microbacteriaceae	g__Microbacterium	s__Microbacterium sp900156435	ncbi
3Dt2h	f__Microbacteriaceae	g__Microbacterium	s__	bangor
GCF_001652465.1	f__Microbacteriaceae	g__Microbacterium	s__Microbacterium chocolatum	ncbi
GCA_002703245.1	f__Microbacteriaceae	g__Microbacterium	s__Microbacterium sp002703245	ncbi
GCF_015277875.1	f__Microbacteriaceae	g__Microbacterium	s__Microbacterium sp900098805	ncbi
GCF_014836535.1	f__Microbacteriaceae	g__Microbacterium	s__Microbacterium sp014836535	ncbi
GCF_001314225.1	f__Microbacteriaceae	g__Microbacterium	s__Microbacterium sp001314225	ncbi
GCA_014197265.1	f__Microbacteriaceae	g__Microbacterium	s__Microbacterium invictum	ncbi
GCA_900078385.1	f__Microbacteriaceae	g__Microbacterium	s__Microbacterium sp900078385	ncbi
GCF_007992455.1	f__Microbacteriaceae	g__Microbacterium	s__Microbacterium saccharophilum	ncbi
GCF_003651225.1	f__Microbacteriaceae	g__Microbacterium	s__Microbacterium telephonicum	ncbi
GCF_015350795.1	f__Microbacteriaceae	g__Microbacterium	s__Microbacterium sp015350795	ncbi
GCF_001592125.1	f__Microbacteriaceae	g__Microbacterium	s__Microbacterium hominis	ncbi
GCF_000411455.1	f__Microbacteriaceae	g__Microbacterium	s__Microbacterium sp000411455	ncbi
GCF_003293595.1	f__Microbacteriaceae	g__Microbacterium	s__Microbacterium sp003293595	ncbi
GCF_016907555.1	f__Microbacteriaceae	g__Microbacterium	s__Microbacterium laevaniformans	ncbi
GCF_016907815.1	f__Microbacteriaceae	g__Microbacterium	s__Microbacterium aurum	ncbi
GCA_003248655.1	f__Microbacteriaceae	g__Microbacterium	s__Microbacterium sp003248655	ncbi
GCF_016907295.1	f__Microbacteriaceae	g__Microbacterium	s__Microbacterium dextranolyticum	ncbi
GCA_001724425.1	f__Microbacteriaceae	g__Microbacterium	s__Microbacterium sp001724425	ncbi
GCF_018717645.1	f__Microbacteriaceae	g__Microbacterium	s__Microbacterium flavum	ncbi
GCA_003248845.1	f__Microbacteriaceae	g__Microbacterium	s__Microbacterium sp003248845	ncbi
GCA_017305435.1	f__Microbacteriaceae	g__Microbacterium	s__Microbacterium sp017305435	ncbi
GCF_006716815.1	f__Microbacteriaceae	g__Microbacterium	s__Microbacterium lacticum	ncbi
GCF_015707995.1	f__Microbacteriaceae	g__Microbacterium	s__Microbacterium sp015707995	ncbi
GCA_001898315.1	f__Microbacteriaceae	g__Microbacterium	s__Microbacterium sp001898315	ncbi
GCA_011620665.1	f__Microbacteriaceae	g__Microbacterium	s__Microbacterium sp011620665	ncbi
GCF_016807485.1	f__Microbacteriaceae	g__Microbacterium	s__Microbacterium sp016807485	ncbi
GCF_001620065.1	f__Microbacteriaceae	g__Microbacterium	s__Microbacterium sp001620065	ncbi
GCF_007828185.1	f__Microbacteriaceae	g__Microbacterium	s__Microbacterium sp007828185	ncbi
GCF_014201255.1	f__Microbacteriaceae	g__Microbacterium	s__Microbacterium sp014201255	ncbi
GCF_008710705.1	f__Microbacteriaceae	g__Microbacterium	s__Microbacterium radiodurans	ncbi
GCF_013389665.1	f__Microbacteriaceae	g__Microbacterium	s__Microbacterium oleivorans_C	ncbi
GCF_017876655.1	f__Microbacteriaceae	g__Microbacterium	s__Microbacterium imperiale	ncbi
GCF_900102175.1	f__Microbacteriaceae	g__Microbacterium	s__Microbacterium sp900102175	ncbi
GCF_003610405.1	f__Microbacteriaceae	g__Microbacterium	s__Microbacterium sp003610405	ncbi
GCF_003289625.1	f__Microbacteriaceae	g__Microbacterium	s__Microbacterium sp003289625	ncbi
GCF_002245215.1	f__Microbacteriaceae	g__Microbacterium	s__Microbacterium sp002245215	ncbi
GCF_003339645.1	f__Microbacteriaceae	g__Microbacterium	s__Microbacterium arborescens	ncbi
GCF_014204835.1	f__Microbacteriaceae	g__Microbacterium	s__Microbacterium marinum	ncbi
GCF_001644225.1	f__Microbacteriaceae	g__Microbacterium	s__Microbacterium oleivorans_A	ncbi
GCF_001552475.1	f__Microbacteriaceae	g__Microbacterium	s__Microbacterium oleivorans	ncbi
GCF_000383475.1	f__Microbacteriaceae	g__Microbacterium	s__Microbacterium sp000383475	ncbi
GCF_900102005.1	f__Microbacteriaceae	g__Microbacterium	s__Microbacterium sp900102005	ncbi
GCF_001691565.1	f__Microbacteriaceae	g__Microbacterium	s__Microbacterium oleivorans_B	ncbi
GCF_000956535.1	f__Microbacteriaceae	g__Microbacterium	s__Microbacterium ginsengisoli	ncbi
GCA_015654575.1	f__Microbacteriaceae	g__Microbacterium	s__Microbacterium sp015654575	ncbi
GCF_005347485.1	f__Microbacteriaceae	g__Microbacterium	s__Microbacterium sp005347485	ncbi
GCF_008727755.1	f__Microbacteriaceae	g__Microbacterium	s__Microbacterium caowuchunii	ncbi
GCF_000799385.1	f__Microbacteriaceae	g__Microbacterium	s__Microbacterium sp000799385	ncbi
GCF_902706225.1	f__Microbacteriaceae	g__Microbacterium	s__Microbacterium sp902706225	ncbi
GCF_011047135.1	f__Microbacteriaceae	g__Microbacterium	s__Microbacterium endophyticum	ncbi
GCF_011761265.1	f__Microbacteriaceae	g__Microbacterium	s__Microbacterium halimionae	ncbi
GCA_017306415.1	f__Microbacteriaceae	g__Microbacterium	s__Microbacterium sp001897105	ncbi
GCF_000802305.1	f__Microbacteriaceae	g__Microbacterium	s__Microbacterium mangrovi	ncbi
GCF_004135285.1	f__Microbacteriaceae	g__Microbacterium	s__Microbacterium protaetiae	ncbi
GCF_000422405.1	f__Microbacteriaceae	g__Microbacterium	s__Microbacterium luticocti	ncbi
GCF_009649635.1	f__Microbacteriaceae	g__Microbacterium	s__Microbacterium sp009649635	ncbi
GCF_003626735.1	f__Microbacteriaceae	g__Microbacterium	s__Microbacterium sp003626735	ncbi
GCF_004794465.1	f__Microbacteriaceae	g__Microbacterium	s__Microbacterium sp004794465	ncbi
GCF_003075395.1	f__Microbacteriaceae	g__Microbacterium	s__Microbacterium sp003075395	ncbi
GCF_000967865.1	f__Microbacteriaceae	g__Microbacterium	s__Microbacterium sp000967865	ncbi
GCF_008868005.1	f__Microbacteriaceae	g__Microbacterium	s__Microbacterium algeriense	ncbi
GCF_008271365.1	f__Microbacteriaceae	g__Microbacterium	s__Microbacterium sp008271365	ncbi
GCF_017939615.1	f__Microbacteriaceae	g__Microbacterium	s__Microbacterium sp017939615	ncbi
GCF_002848265.1	f__Microbacteriaceae	g__Microbacterium	s__Microbacterium sp002848265	ncbi
GCF_904066215.1	f__Microbacteriaceae	g__Microbacterium	s__Microbacterium sp002456035	ncbi
GCF_019056515.1	f__Microbacteriaceae	g__Microbacterium	s__Microbacterium sp001595495	ncbi
GCF_001866135.1	f__Microbacteriaceae	g__Microbacterium	s__Microbacterium sp001866135	ncbi
GCF_900105335.1	f__Microbacteriaceae	g__Microbacterium	s__Microbacterium paraoxydans	ncbi
GCF_004794315.1	f__Microbacteriaceae	g__Microbacterium	s__Microbacterium sp004794315	ncbi
GCF_018224615.1	f__Microbacteriaceae	g__Microbacterium	s__Microbacterium paraoxydans_B	ncbi
GCF_007954505.1	f__Microbacteriaceae	g__Microbacterium	s__Microbacterium sp000800925	ncbi
GCF_000425985.1	f__Microbacteriaceae	g__Microbacterium	s__Microbacterium sp000425985	ncbi
GCF_002979435.1	f__Microbacteriaceae	g__Microbacterium	s__Microbacterium sp002979435	ncbi
GCF_002979475.1	f__Microbacteriaceae	g__Microbacterium	s__Microbacterium sp002979475	ncbi
GCF_014171575.1	f__Microbacteriaceae	g__Microbacterium	s__Microbacterium sp014171575	ncbi
GCF_004794515.1	f__Microbacteriaceae	g__Microbacterium	s__Microbacterium sp004794515	ncbi
GCF_002979655.1	f__Microbacteriaceae	g__Microbacterium	s__Microbacterium sp002979655	ncbi
GCF_900095745.1	f__Microbacteriaceae	g__Microbacterium	s__Microbacterium oxydans_B	ncbi
GCA_008868125.1	f__Microbacteriaceae	g__Microbacterium	s__Microbacterium maritypicum	ncbi
GCF_000455825.1	f__Microbacteriaceae	g__Microbacterium	s__Microbacterium maritypicum_A	ncbi
GCF_006540085.1	f__Microbacteriaceae	g__Microbacterium	s__Microbacterium oxydans	ncbi
GCF_000956405.1	f__Microbacteriaceae	g__Microbacterium	s__Microbacterium oxydans_C	ncbi
GCF_000956525.1	f__Microbacteriaceae	g__Microbacterium	s__Microbacterium oxydans_A	ncbi
GCF_006716345.1	f__Microbacteriaceae	g__Microbacterium	s__Microbacterium saperdae	ncbi
GCA_017405925.1	f__Microbacteriaceae	g__Microbacterium	s__Microbacterium sp017405925	ncbi
GCF_017355365.1	f__Microbacteriaceae	g__Microbacterium	s__Microbacterium sp017355365	ncbi
GCF_002979415.1	f__Microbacteriaceae	g__Microbacterium	s__Microbacterium sp002979415	ncbi
GCF_000956475.1	f__Microbacteriaceae	g__Microbacterium	s__Microbacterium hydrocarbonoxydans_A	ncbi
GCF_004216995.1	f__Microbacteriaceae	g__Microbacterium	s__Microbacterium sp004216995	ncbi
GCA_017744855.1	f__Microbacteriaceae	g__Microbacterium	s__Microbacterium sp017744855	ncbi
GCF_001513675.1	f__Microbacteriaceae	g__Microbacterium	s__Microbacterium sp001513675	ncbi
GCF_011752045.1	f__Microbacteriaceae	g__Microbacterium	s__Microbacterium sp001639925	ncbi
GCF_001262495.1	f__Microbacteriaceae	g__Microbacterium	s__Microbacterium sp001262495	ncbi
GCF_002362255.1	f__Microbacteriaceae	g__Microbacterium	s__Microbacterium sp002362255	ncbi
GCF_007667425.1	f__Microbacteriaceae	g__Microbacterium	s__Microbacterium sp007667425	ncbi
GCF_001049495.1	f__Microbacteriaceae	g__Microbacterium	s__Microbacterium sp001049495	ncbi
GCF_001650405.1	f__Microbacteriaceae	g__Microbacterium	s__Microbacterium sp001650405	ncbi
GCF_015354505.1	f__Microbacteriaceae	g__Microbacterium	s__Microbacterium sp015354505	ncbi
GCF_904831005.1	f__Microbacteriaceae	g__Microbacterium	s__Microbacterium hydrocarbonoxydans_B	ncbi
GCF_900105205.1	f__Microbacteriaceae	g__Microbacterium	s__Microbacterium hydrocarbonoxydans	ncbi
GCF_018613995.1	f__Microbacteriaceae	g__Microbacterium	s__Microbacterium sp018613995	ncbi
GCF_001889265.1	f__Microbacteriaceae	g__Microbacterium	s__Microbacterium sp001889265	ncbi
GCF_002024885.1	f__Microbacteriaceae	g__Microbacterium	s__Microbacterium foliorum_A	ncbi
GCF_006385575.1	f__Microbacteriaceae	g__Microbacterium	s__Microbacterium foliorum_B	ncbi
GCF_017876435.1	f__Microbacteriaceae	g__Microbacterium	s__Microbacterium phyllosphaerae	ncbi
GCF_001423485.1	f__Microbacteriaceae	g__Microbacterium	s__Microbacterium sp001423485	ncbi
GCF_001423615.1	f__Microbacteriaceae	g__Microbacterium	s__Microbacterium sp001423615	ncbi
GCF_001426995.1	f__Microbacteriaceae	g__Microbacterium	s__Microbacterium sp001426995	ncbi
GCF_003367705.1	f__Microbacteriaceae	g__Microbacterium	s__Microbacterium foliorum	ncbi
GCF_002872075.1	f__Microbacteriaceae	g__Microbacterium	s__Microbacterium kitamiense	ncbi
GCF_003610275.1	f__Microbacteriaceae	g__Microbacterium	s__Microbacterium ginsengiterrae_A	ncbi
GCF_014205075.1	f__Microbacteriaceae	g__Microbacterium	s__Microbacterium ginsengiterrae	ncbi
2Dt1l	f__Microbacteriaceae	g__Microbacterium	s__	bangor
GCF_903645325.1	f__Microbacteriaceae	g__Microbacterium	s__Microbacterium sp903645325	ncbi
GCF_007988825.1	f__Microbacteriaceae	g__Microbacterium	s__Microbacterium aerolatum	ncbi
GCF_015277895.1	f__Microbacteriaceae	g__Microbacterium	s__Microbacterium sp015277895	ncbi
GCF_000763375.1	f__Microbacteriaceae	g__Microbacterium	s__Microbacterium profundi	ncbi
GCF_014635185.1	f__Microbacteriaceae	g__Microbacterium	s__Microbacterium murale	ncbi
GCA_003524435.1	f__Microbacteriaceae	g__Microbacterium	s__Microbacterium sp003524435	ncbi
GCF_000685355.1	f__Microbacteriaceae	g__Microbacterium	s__Microbacterium sp000685355	ncbi
GCA_015655255.1	f__Microbacteriaceae	g__Microbacterium	s__Microbacterium sp015655255	ncbi
GCF_003387575.1	f__Microbacteriaceae	g__Microbacterium	s__Microbacterium sp003387575	ncbi
GCF_009758255.1	f__Microbacteriaceae	g__Microbacterium	s__Microbacterium sp009758255	ncbi
GCF_002705755.3	f__Microbacteriaceae	g__Microbacterium	s__Microbacterium esteraromaticum_A	ncbi
GCF_014084045.1	f__Microbacteriaceae	g__Microbacterium	s__Microbacterium esteraromaticum_D	ncbi
GCF_016907315.1	f__Microbacteriaceae	g__Microbacterium	s__Microbacterium esteraromaticum	ncbi
GCF_001878835.1	f__Microbacteriaceae	g__Microbacterium	s__Microbacterium sp001878835	ncbi
GCA_002837415.1	f__Microbacteriaceae	g__Microbacterium	s__Microbacterium sp002837415	ncbi
GCF_900163815.1	f__Microbacteriaceae	g__Microbacterium	s__Microbacterium esteraromaticum_B	ncbi
GCF_013408055.1	f__Microbacteriaceae	g__Microbacterium	s__Microbacterium esteraromaticum_C	ncbi
GCA_001897945.1	f__Microbacteriaceae	g__Microbacterium	s__Microbacterium sp001897945	ncbi
GCF_015040615.1	f__Microbacteriaceae	g__Microbacterium	s__Microbacterium sp015040615	ncbi
GCF_016907255.1	f__Microbacteriaceae	g__Microbacterium	s__Microbacterium keratanolyticum	ncbi
GCF_013409745.1	f__Microbacteriaceae	g__Microbacterium	s__Microbacterium pseudoresistens	ncbi
GCF_001552355.1	f__Microbacteriaceae	g__Microbacterium	s__Microbacterium resistens	ncbi
GCA_018268455.1	f__Microbacteriaceae	g__Microbacterium	s__Microbacterium sp018268455	ncbi
GCA_018268435.1	f__Microbacteriaceae	g__Microbacterium	s__Microbacterium sp018268435	ncbi
GCA_017306305.1	f__Microbacteriaceae	g__Microbacterium	s__Microbacterium sp017306305	ncbi
GCA_018268515.1	f__Microbacteriaceae	g__Microbacterium	s__Microbacterium sp018268515	ncbi
GCA_002257455.1	f__Microbacteriaceae	g__Microbacterium	s__Microbacterium sp002257455	ncbi
GCF_000956505.1	f__Microbacteriaceae	g__Microbacterium	s__Microbacterium azadirachtae_A	ncbi
GCF_902506375.1	f__Microbacteriaceae	g__Microbacterium	s__Microbacterium sp902506375	ncbi
GCF_000956545.1	f__Microbacteriaceae	g__Microbacterium	s__Microbacterium azadirachtae	ncbi
GCA_017968845.1	f__Microbacteriaceae	g__Microbacterium	s__Microbacterium sp017968845	ncbi
GCF_000826185.2	f__Microbacteriaceae	g__Microbacterium	s__Microbacterium gorillae	ncbi
GCF_008017445.1	f__Microbacteriaceae	g__Microbacterium	s__Microbacterium mitrae	ncbi
GCF_019061125.1	f__Microbacteriaceae	g__Microbacterium	s__Microbacterium sp019061125	ncbi
GCF_001426925.1	f__Microbacteriaceae	g__Microbacterium	s__Microbacterium sp001426925	ncbi
GCF_015235415.1	f__Microbacteriaceae	g__Microbacterium	s__Microbacterium paludicola_A	ncbi
GCF_017592545.1	f__Microbacteriaceae	g__Microbacterium	s__Microbacterium sp017592545	ncbi
GCF_016805985.1	f__Microbacteriaceae	g__Microbacterium	s__Microbacterium sp016805985	ncbi
GCF_014643695.1	f__Microbacteriaceae	g__Microbacterium	s__Microbacterium album	ncbi
GCF_009735645.1	f__Microbacteriaceae	g__Microbacterium	s__Microbacterium oryzae	ncbi
GCF_004564075.1	f__Microbacteriaceae	g__Microbacterium	s__Microbacterium sediminis	ncbi
GCF_002970975.1	f__Microbacteriaceae	g__Microbacterium	s__Microbacterium halophytorum	ncbi
GCF_003569805.1	f__Microbacteriaceae	g__Microbacterium	s__Microbacterium halotolerans	ncbi
GCF_900163665.1	f__Microbacteriaceae	g__Microbacterium	s__Microbacterium sp900163665	ncbi
GCF_011046975.1	f__Microbacteriaceae	g__Microbacterium	s__Microbacterium amylolyticum	ncbi
GCF_000422385.1	f__Microbacteriaceae	g__Microbacterium	s__Microbacterium indicum	ncbi
GCF_014640975.1	f__Microbacteriaceae	g__Microbacterium	s__Microbacterium faecale	ncbi
GCF_003327285.1	f__Microbacteriaceae	g__Microbacterium	s__Microbacterium sorbitolivorans	ncbi
GCF_014646015.1	f__Microbacteriaceae	g__Microbacterium	s__Microbacterium nanhaiense	ncbi
GCA_019117025.1	f__Microbacteriaceae	g__Microbacterium	s__Microbacterium stercoravium	ncbi
GCF_000422745.1	f__Microbacteriaceae	g__Microbacterium	s__Microbacterium gubbeenense	ncbi
GCF_003254645.1	f__Microbacteriaceae	g__Microbacterium	s__Microbacterium suaedae	ncbi
GCF_009745985.1	f__Microbacteriaceae	g__Microbacterium	s__Microbacterium karelineae	ncbi
GCF_011326725.1	f__Microbacteriaceae	g__Microbacterium	s__Microbacterium excoecariae	ncbi
GCF_000426445.1	f__Brevibacteriaceae	g__Brevibacterium	s__Brevibacterium album	ncbi
GCA_019117325.1	f__Brevibacteriaceae	g__Brevibacterium	s__Brevibacterium intestinigallinarum	ncbi
GCF_000285835.1	f__Brevibacteriaceae	g__Brevibacterium	s__Brevibacterium senegalense	ncbi
GCF_016107685.1	f__Brevibacteriaceae	g__Brevibacterium	s__Brevibacterium yomogidense	ncbi
GCF_900163715.1	f__Brevibacteriaceae	g__Brevibacterium	s__Brevibacterium yomogidense_A	ncbi
GCF_900169175.1	f__Brevibacteriaceae	g__Brevibacterium	s__Brevibacterium jeotgali	ncbi
GCF_009857845.1	f__Brevibacteriaceae	g__Brevibacterium	s__Brevibacterium rongguiense	ncbi
GCF_001584615.1	f__Brevibacteriaceae	g__Brevibacterium	s__Brevibacterium ravenspurgense	ncbi
GCF_001815905.1	f__Brevibacteriaceae	g__Brevibacterium	s__Brevibacterium sp001815905	ncbi
GCF_000178455.1	f__Brevibacteriaceae	g__Brevibacterium	s__Brevibacterium mcbrellneri	ncbi
GCF_016907735.1	f__Brevibacteriaceae	g__Brevibacterium	s__Brevibacterium paucivorans	ncbi
GCF_013004595.1	f__Brevibacteriaceae	g__Brevibacterium	s__Brevibacterium luteolum	ncbi
GCF_013359525.1	f__Brevibacteriaceae	g__Brevibacterium	s__Brevibacterium luteolum_A	ncbi
GCF_005280295.1	f__Brevibacteriaceae	g__Brevibacterium	s__Brevibacterium sp005280295	ncbi
GCF_900184225.1	f__Brevibacteriaceae	g__Brevibacterium	s__Brevibacterium ihuae	ncbi
GCF_003315415.1	f__Brevibacteriaceae	g__Brevibacterium	s__Brevibacterium celere_A	ncbi
GCF_900169275.1	f__Brevibacteriaceae	g__Brevibacterium	s__Brevibacterium casei	ncbi
GCF_006489205.1	f__Brevibacteriaceae	g__Brevibacterium	s__Brevibacterium sp006489205	ncbi
GCF_018137945.1	f__Brevibacteriaceae	g__Brevibacterium	s__Brevibacterium sp018137945	ncbi
GCF_011927955.1	f__Brevibacteriaceae	g__Brevibacterium	s__Brevibacterium marinum	ncbi
GCF_900105045.1	f__Brevibacteriaceae	g__Brevibacterium	s__Brevibacterium sandarakinum	ncbi
GCF_900169145.1	f__Brevibacteriaceae	g__Brevibacterium	s__Brevibacterium antiquum_A	ncbi
GCF_016107655.1	f__Brevibacteriaceae	g__Brevibacterium	s__Brevibacterium antiquum	ncbi
GCF_007558825.1	f__Brevibacteriaceae	g__Brevibacterium	s__Brevibacterium aurantiacum_A	ncbi
GCF_016892625.1	f__Brevibacteriaceae	g__Brevibacterium	s__Brevibacterium sp016892625	ncbi
GCF_900169365.1	f__Brevibacteriaceae	g__Brevibacterium	s__Brevibacterium sp900169365	ncbi
GCF_900169065.1	f__Brevibacteriaceae	g__Brevibacterium	s__Brevibacterium aurantiacum	ncbi
1Dt1h	f__Brevibacteriaceae	g__Brevibacterium	s__	bangor
GCF_011617245.1	f__Brevibacteriaceae	g__Brevibacterium	s__Brevibacterium sp011617245	ncbi
GCF_013623835.1	f__Brevibacteriaceae	g__Brevibacterium	s__Brevibacterium oceani	ncbi
GCA_019117545.1	f__Brevibacteriaceae	g__Brevibacterium	s__Brevibacterium intestinavium	ncbi
GCF_017808105.1	f__Brevibacteriaceae	g__Brevibacterium	s__Brevibacterium renqingii	ncbi
GCF_004745075.1	f__Brevibacteriaceae	g__Brevibacterium	s__Brevibacterium sp004745075	ncbi
GCF_004745485.1	f__Brevibacteriaceae	g__Brevibacterium	s__Brevibacterium sp004745485	ncbi
GCF_001570805.1	f__Brevibacteriaceae	g__Brevibacterium	s__Brevibacterium epidermidis	ncbi
GCF_013623905.1	f__Brevibacteriaceae	g__Brevibacterium	s__Brevibacterium sediminis	ncbi
GCF_013280495.1	f__Brevibacteriaceae	g__Brevibacterium	s__Brevibacterium permense	ncbi
GCF_900169265.1	f__Brevibacteriaceae	g__Brevibacterium	s__Brevibacterium iodinum	ncbi
GCF_012844365.1	f__Brevibacteriaceae	g__Brevibacterium	s__Brevibacterium sp012844365	ncbi
GCF_900169165.1	f__Brevibacteriaceae	g__Brevibacterium	s__Brevibacterium linens	ncbi
GCF_900105315.1	f__Brevibacteriaceae	g__Brevibacterium	s__Brevibacterium siliguriense	ncbi
GCF_011617465.1	f__Brevibacteriaceae	g__Brevibacterium	s__Brevibacterium sp011617465	ncbi
GCF_011617705.1	f__Brevibacteriaceae	g__Brevibacterium	s__Brevibacterium sp011617705	ncbi
GCF_900163655.1	f__Dermabacteraceae	g__Brachybacterium	s__Brachybacterium nesterenkovii	ncbi
GCF_900258505.1	f__Dermabacteraceae	g__Brachybacterium	s__Brachybacterium timonense	ncbi
GCF_015209585.1	f__Dermabacteraceae	g__Brachybacterium	s__Brachybacterium sp015209585	ncbi
GCF_016907455.1	f__Dermabacteraceae	g__Brachybacterium	s__Brachybacterium muris	ncbi
GCF_000225825.1	f__Dermabacteraceae	g__Brachybacterium	s__Brachybacterium squillarum	ncbi
GCF_005490785.1	f__Dermabacteraceae	g__Brachybacterium	s__Brachybacterium sp005490785	ncbi
GCA_019118275.1	f__Dermabacteraceae	g__Brachybacterium	s__Brachybacterium merdavium	ncbi
GCA_019115335.1	f__Dermabacteraceae	g__Brachybacterium	s__Brachybacterium merdigallinarum	ncbi
GCF_002871795.1	f__Dermabacteraceae	g__Brachybacterium	s__Brachybacterium sp002871795	ncbi
GCF_014204755.1	f__Dermabacteraceae	g__Brachybacterium	s__Brachybacterium aquaticum	ncbi
GCF_003711805.1	f__Dermabacteraceae	g__Brachybacterium	s__Brachybacterium intestinipullorum	ncbi
GCF_003994255.1	f__Dermabacteraceae	g__Brachybacterium	s__Brachybacterium paraconglomeratum	ncbi
GCF_003347015.1	f__Dermabacteraceae	g__Brachybacterium	s__Brachybacterium sp003347015	ncbi
GCF_017876545.1	f__Dermabacteraceae	g__Brachybacterium	s__Brachybacterium sacelli	ncbi
GCF_001969445.1	f__Dermabacteraceae	g__Brachybacterium	s__Brachybacterium sp001969445	ncbi
GCF_017876515.1	f__Dermabacteraceae	g__Brachybacterium	s__Brachybacterium fresconis	ncbi
GCF_014897705.1	f__Dermabacteraceae	g__Brachybacterium	s__Brachybacterium sp014897705	ncbi
GCF_002332425.1	f__Dermabacteraceae	g__Brachybacterium	s__Brachybacterium alimentarium	ncbi
GCF_014897585.1	f__Dermabacteraceae	g__Brachybacterium	s__Brachybacterium tyrofermentans	ncbi
GCF_900184245.1	f__Dermabacteraceae	g__Brachybacterium	s__Brachybacterium massiliense	ncbi
GCA_012799425.1	f__Dermabacteraceae	g__Brachybacterium	s__Brachybacterium sp012799425	ncbi
GCA_014400405.1	f__Dermabacteraceae	g__Brachybacterium	s__Brachybacterium sp014400405	ncbi
GCF_002407065.1	f__Dermabacteraceae	g__Brachybacterium	s__Brachybacterium ginsengisoli	ncbi
GCF_002216795.1	f__Dermabacteraceae	g__Brachybacterium	s__Brachybacterium avium	ncbi
GCF_002407185.1	f__Dermabacteraceae	g__Brachybacterium	s__Brachybacterium vulturis	ncbi
GCF_000023405.1	f__Dermabacteraceae	g__Brachybacterium	s__Brachybacterium faecium	ncbi
GCF_003355475.1	f__Dermabacteraceae	g__Brachybacterium	s__Brachybacterium saurashtrense	ncbi
GCF_000576425.1	f__Dermabacteraceae	g__Brachybacterium	s__Brachybacterium phenoliresistens	ncbi
GCF_003130585.1	f__Dermabacteraceae	g__Brachybacterium	s__Brachybacterium endophyticum	ncbi
GCF_016623465.1	f__Dermabacteraceae	g__Brachybacterium	s__Brachybacterium halotolerans	ncbi
GCF_009299795.1	f__Dermabacteraceae	g__Brachybacterium	s__Brachybacterium subflavum	ncbi
2Dt1e	f__Dermabacteraceae	g__Brachybacterium	s__	bangor
GCF_003515075.1	f__Sphingomonadaceae	g__Sphingomonas	s__Sphingomonas gilva	ncbi
3Dt2j	f__Sphingomonadaceae	g__Sphingomonas	s__	bangor
1Dt100g	f__Sphingomonadaceae	g__Sphingomonas	s__	bangor
GCF_003345355.1	f__Sphingomonadaceae	g__Sphingomonas	s__Sphingomonas sp003345355	ncbi
GCF_001598455.1	f__Sphingomonadaceae	g__Sphingomonas	s__Sphingomonas pruni	ncbi
GCF_001598355.1	f__Sphingomonadaceae	g__Sphingomonas	s__Sphingomonas asaccharolytica	ncbi
GCF_001598415.1	f__Sphingomonadaceae	g__Sphingomonas	s__Sphingomonas mali	ncbi
GCA_017304635.1	f__Sphingomonadaceae	g__Sphingomonas	s__Sphingomonas sp017304635	ncbi
GCA_004799495.1	f__Sphingomonadaceae	g__Sphingomonas	s__Sphingomonas sp004799495	ncbi
GCA_018240825.1	f__Sphingomonadaceae	g__Sphingomonas	s__Sphingomonas sp018240825	ncbi
GCA_017304615.1	f__Sphingomonadaceae	g__Sphingomonas	s__Sphingomonas sp017304615	ncbi
GCF_007859635.1	f__Sphingomonadaceae	g__Sphingomonas	s__Sphingomonas panacisoli	ncbi
GCF_903644135.1	f__Sphingomonadaceae	g__Sphingomonas	s__Sphingomonas sp903644135	ncbi
GCF_903643065.1	f__Sphingomonadaceae	g__Sphingomonas	s__Sphingomonas sp903643065	ncbi
GCF_903643035.1	f__Sphingomonadaceae	g__Sphingomonas	s__Sphingomonas sp903643035	ncbi
GCF_902498785.1	f__Sphingomonadaceae	g__Sphingomonas	s__Sphingomonas sp902498785	ncbi
GCF_006438955.1	f__Sphingomonadaceae	g__Sphingomonas	s__Sphingomonas oligophenolica	ncbi
GCF_903642285.1	f__Sphingomonadaceae	g__Sphingomonas	s__Sphingomonas sp903642285	ncbi
GCF_001421505.1	f__Sphingomonadaceae	g__Sphingomonas	s__Sphingomonas sp001421505	ncbi
GCF_007995065.1	f__Sphingomonadaceae	g__Sphingomonas	s__Sphingomonas ginsenosidivorax	ncbi
GCF_001421415.1	f__Sphingomonadaceae	g__Sphingomonas	s__Sphingomonas sp001421415	ncbi
GCF_001421745.1	f__Sphingomonadaceae	g__Sphingomonas	s__Sphingomonas sp001421745	ncbi
GCF_003053745.1	f__Sphingomonadaceae	g__Sphingomonas	s__Sphingomonas faeni	ncbi
GCF_004795835.1	f__Sphingomonadaceae	g__Sphingomonas	s__Sphingomonas sp004795835	ncbi
GCF_003610375.1	f__Sphingomonadaceae	g__Sphingomonas	s__Sphingomonas sp003610375	ncbi
GCF_004340965.1	f__Sphingomonadaceae	g__Sphingomonas	s__Sphingomonas sp004340965	ncbi
GCF_900115295.1	f__Sphingomonadaceae	g__Sphingomonas	s__Sphingomonas sp900115295	ncbi
GCF_004341085.1	f__Sphingomonadaceae	g__Sphingomonas	s__Sphingomonas sp004341085	ncbi
GCF_001422045.1	f__Sphingomonadaceae	g__Sphingomonas	s__Sphingomonas sp001422045	ncbi
GCF_003688625.1	f__Sphingomonadaceae	g__Sphingomonas	s__Sphingomonas sp003688625	ncbi
GCF_001424005.1	f__Sphingomonadaceae	g__Sphingomonas	s__Sphingomonas sp001424005	ncbi
GCF_003688595.1	f__Sphingomonadaceae	g__Sphingomonas	s__Sphingomonas sp003688595	ncbi
GCF_003050745.1	f__Sphingomonadaceae	g__Sphingomonas	s__Sphingomonas sp003050745	ncbi
GCF_004340945.1	f__Sphingomonadaceae	g__Sphingomonas	s__Sphingomonas sp004340945	ncbi
GCA_003240625.1	f__Sphingomonadaceae	g__Sphingomonas	s__Sphingomonas taxi_A	ncbi
GCF_014358075.1	f__Sphingomonadaceae	g__Sphingomonas	s__Sphingomonas albertensis	ncbi
GCF_001421805.1	f__Sphingomonadaceae	g__Sphingomonas	s__Sphingomonas sp001421805	ncbi
GCF_003050705.1	f__Sphingomonadaceae	g__Sphingomonas	s__Sphingomonas aurantiaca	ncbi
GCF_004101245.1	f__Sphingomonadaceae	g__Sphingomonas	s__Sphingomonas sp004101245	ncbi
GCF_013374115.1	f__Sphingomonadaceae	g__Sphingomonas	s__Sphingomonas sp013374115	ncbi
GCF_001421535.1	f__Sphingomonadaceae	g__Sphingomonas	s__Sphingomonas sp001421535	ncbi
GCF_003046295.1	f__Sphingomonadaceae	g__Sphingomonas	s__Sphingomonas aerolata	ncbi
GCA_005773165.1	f__Sphingomonadaceae	g__Sphingomonas	s__Sphingomonas sp005773165	ncbi
GCF_014641735.1	f__Sphingomonadaceae	g__Sphingomonas	s__Sphingomonas metalli	ncbi
GCF_900115745.1	f__Sphingomonadaceae	g__Sphingomonas	s__Sphingomonas rubra	ncbi
GCF_001423765.1	f__Sphingomonadaceae	g__Sphingomonas	s__Sphingomonas sp001423765	ncbi
GCF_018139225.1	f__Sphingomonadaceae	g__Sphingomonas	s__Sphingomonas sp018139225	ncbi
GCF_014841615.1	f__Sphingomonadaceae	g__Sphingomonas	s__Sphingomonas sp014841615	ncbi
GCF_001426195.1	f__Sphingomonadaceae	g__Sphingomonas	s__Sphingomonas sp001426195	ncbi
GCF_016427505.1	f__Sphingomonadaceae	g__Sphingomonas	s__Sphingomonas sp016427505	ncbi
GCF_003951315.1	f__Sphingomonadaceae	g__Sphingomonas	s__Sphingomonas sp003951315	ncbi
GCF_014199625.1	f__Sphingomonadaceae	g__Sphingomonas	s__Sphingomonas abaci	ncbi
GCF_014197105.1	f__Sphingomonadaceae	g__Sphingomonas	s__Sphingomonas jinjuensis	ncbi
GCF_014199305.1	f__Sphingomonadaceae	g__Sphingomonas	s__Sphingomonas aerophila	ncbi
GCF_900110035.1	f__Sphingomonadaceae	g__Sphingomonas	s__Sphingomonas gellani	ncbi
GCF_009789535.1	f__Sphingomonadaceae	g__Sphingomonas	s__Sphingomonas carotinifaciens	ncbi
GCF_000739895.2	f__Sphingomonadaceae	g__Sphingomonas	s__Sphingomonas paucimobilis	ncbi
GCF_014196255.1	f__Sphingomonadaceae	g__Sphingomonas	s__Sphingomonas pseudosanguinis	ncbi
GCF_014197135.1	f__Sphingomonadaceae	g__Sphingomonas	s__Sphingomonas zeae	ncbi
GCF_001476905.1	f__Sphingomonadaceae	g__Sphingomonas	s__Sphingomonas sanguinis_B	ncbi
GCF_001591005.1	f__Sphingomonadaceae	g__Sphingomonas	s__Sphingomonas sanguinis	ncbi
GCA_019112965.1	f__Sphingomonadaceae	g__Sphingomonas	s__Sphingomonas excrementigallinarum	ncbi
GCF_000787715.1	f__Sphingomonadaceae	g__Sphingomonas	s__Sphingomonas parapaucimobilis	ncbi
GCF_001477495.1	f__Sphingomonadaceae	g__Sphingomonas	s__Sphingomonas yabuuchiae_A	ncbi
GCF_014199595.1	f__Sphingomonadaceae	g__Sphingomonas	s__Sphingomonas yabuuchiae	ncbi
GCF_016107325.1	f__Sphingomonadaceae	g__Sphingomonas	s__Sphingomonas sp016107325	ncbi
GCF_003355005.1	f__Sphingomonadaceae	g__Sphingomonas	s__Sphingomonas sp003355005	ncbi
GCF_016820445.1	f__Sphingomonadaceae	g__Sphingomonas	s__Sphingomonas sp016820445	ncbi
GCA_003075315.1	f__Sphingomonadaceae	g__Sphingomonas	s__Sphingomonas sp003075315	ncbi
GCF_014196115.1	f__Sphingomonadaceae	g__Sphingomonas	s__Sphingomonas aquatilis	ncbi
GCF_000632225.1	f__Sphingomonadaceae	g__Sphingomonas	s__Sphingomonas sp000632225	ncbi
GCF_000764535.1	f__Sphingomonadaceae	g__Sphingomonas	s__Sphingomonas taxi	ncbi
GCF_013409985.1	f__Sphingomonadaceae	g__Sphingomonas	s__Sphingomonas melonis_A	ncbi
GCA_002292295.1	f__Sphingomonadaceae	g__Sphingomonas	s__Sphingomonas sp002292295	ncbi
GCF_010450875.1	f__Sphingomonadaceae	g__Sphingomonas	s__Sphingomonas insulae	ncbi
GCF_002288825.1	f__Sphingomonadaceae	g__Sphingomonas	s__Sphingomonas lenta	ncbi
GCF_002374835.1	f__Sphingomonadaceae	g__Sphingomonas	s__Sphingomonas ginsenosidimutans	ncbi
GCF_002374855.1	f__Sphingomonadaceae	g__Sphingomonas	s__Sphingomonas adhaesiva	ncbi
GCF_004345855.1	f__Sphingomonadaceae	g__Sphingomonas	s__Sphingomonas sp004345855	ncbi
GCF_014193845.1	f__Sphingomonadaceae	g__Sphingomonas	s__Sphingomonas sp014193845	ncbi
GCF_014194975.1	f__Sphingomonadaceae	g__Sphingomonas	s__Sphingomonas sp014194975	ncbi
GCA_003243195.1	f__Sphingomonadaceae	g__Sphingomonas	s__Sphingomonas taxi_B	ncbi
GCF_000419605.1	f__Sphingomonadaceae	g__Sphingomonas	s__Sphingomonas phyllosphaerae_B	ncbi
GCF_001421995.1	f__Sphingomonadaceae	g__Sphingomonas	s__Sphingomonas sp001421995	ncbi
GCF_001476895.1	f__Sphingomonadaceae	g__Sphingomonas	s__Sphingomonas endophytica_A	ncbi
GCF_902506455.1	f__Sphingomonadaceae	g__Sphingomonas	s__Sphingomonas sp902506455	ncbi
GCF_000427645.1	f__Sphingomonadaceae	g__Sphingomonas	s__Sphingomonas phyllosphaerae	ncbi
GCF_014199415.1	f__Sphingomonadaceae	g__Sphingomonas	s__Sphingomonas endophytica	ncbi
GCF_001425405.1	f__Sphingomonadaceae	g__Sphingomonas	s__Sphingomonas sp001425405	ncbi
GCF_012035195.1	f__Sphingomonadaceae	g__Sphingomonas	s__Sphingomonas sp012035195	ncbi
GCF_013328205.1	f__Sphingomonadaceae	g__Sphingomonas	s__Sphingomonas hominis	ncbi
GCF_000382485.1	f__Sphingomonadaceae	g__Sphingomonas	s__Sphingomonas sp000382485	ncbi
GCF_900109565.1	f__Sphingomonadaceae	g__Sphingomonas	s__Sphingomonas palmae	ncbi
GCF_005502745.1	f__Sphingomonadaceae	g__Sphingomonas	s__Sphingomonas sp005502745	ncbi
GCA_017304125.1	f__Sphingomonadaceae	g__Sphingomonas	s__Sphingomonas sp017304125	ncbi
GCF_014204695.1	f__Sphingomonadaceae	g__Sphingomonas	s__Sphingomonas sp001897045	ncbi
GCA_001897375.1	f__Sphingomonadaceae	g__Sphingomonas	s__Sphingomonas sp001897375	ncbi
GCF_013344685.1	f__Sphingomonadaceae	g__Sphingomonas	s__Sphingomonas sp013344685	ncbi
GCF_002117915.1	f__Sphingomonadaceae	g__Sphingomonas	s__Sphingomonas sp002117915	ncbi
GCF_014217605.1	f__Sphingomonadaceae	g__Sphingomonas	s__Sphingomonas sp014217605	ncbi
GCF_001981525.1	f__Sphingomonadaceae	g__Sphingomonas	s__Sphingomonas jeddahensis	ncbi
GCF_000980895.1	f__Sphingomonadaceae	g__Sphingomonas	s__Sphingomonas olei	ncbi
GCF_900109205.1	f__Sphingomonadaceae	g__Sphingomonas	s__Sphingomonas sp900109205	ncbi
GCF_002197665.1	f__Sphingomonadaceae	g__Sphingomonas	s__Sphingomonas mucosissima	ncbi
GCF_002197685.1	f__Sphingomonadaceae	g__Sphingomonas	s__Sphingomonas dokdonensis	ncbi
GCA_903884945.1	f__Sphingomonadaceae	g__Sphingomonas	s__Sphingomonas sp903884945	ncbi
GCF_001423845.1	f__Sphingomonadaceae	g__Sphingomonas	s__Sphingomonas sp001423845	ncbi
GCF_016743815.1	f__Sphingomonadaceae	g__Sphingomonas	s__Sphingomonas sp016743815	ncbi
GCF_014171475.1	f__Sphingomonadaceae	g__Sphingomonas	s__Sphingomonas alpina_A	ncbi
GCF_000803065.1	f__Sphingomonadaceae	g__Sphingomonas	s__Sphingomonas sp000803065	ncbi
GCF_014490665.1	f__Sphingomonadaceae	g__Sphingomonas	s__Sphingomonas alpina	ncbi
GCF_000251145.1	f__Sphingomonadaceae	g__Sphingomonas	s__Sphingomonas sp000251145	ncbi
GCF_000241465.1	f__Sphingomonadaceae	g__Sphingomonas	s__Sphingomonas echinoides	ncbi
GCF_000797515.1	f__Sphingomonadaceae	g__Sphingomonas	s__Sphingomonas sp000797515	ncbi
GCF_013374095.1	f__Sphingomonadaceae	g__Sphingomonas	s__Sphingomonas sp013374095	ncbi
GCF_014636175.1	f__Sphingomonadaceae	g__Sphingomonas	s__Sphingomonas psychrolutea	ncbi
GCF_000241485.1	f__Sphingomonadaceae	g__Sphingomonas	s__Sphingomonas sp000241485	ncbi
GCF_006439055.1	f__Sphingomonadaceae	g__Sphingomonas	s__Sphingomonas glacialis_A	ncbi
GCF_014653575.1	f__Sphingomonadaceae	g__Sphingomonas	s__Sphingomonas glacialis	ncbi
GCF_900103265.1	f__Sphingomonadaceae	g__Sphingomonas	s__Sphingomonas sp900103265	ncbi
GCF_001717955.1	f__Sphingomonadaceae	g__Sphingomonas	s__Sphingomonas panacis	ncbi
GCF_004208535.1	f__Sphingomonadaceae	g__Sphingomonas	s__Sphingomonas populi	ncbi
GCA_002281485.1	f__Sphingomonadaceae	g__Sphingomonas	s__Sphingomonas sp002281485	ncbi
GCA_002083655.1	f__Sphingomonadaceae	g__Sphingomonas	s__Sphingomonas sp002083655	ncbi
GCA_002280555.1	f__Sphingomonadaceae	g__Sphingomonas	s__Sphingomonas sp002280555	ncbi
GCA_001464615.1	f__Sphingomonadaceae	g__Sphingomonas	s__Sphingomonas sp001464615	ncbi
GCA_002281535.1	f__Sphingomonadaceae	g__Sphingomonas	s__Sphingomonas sp002281535	ncbi
GCA_002083435.1	f__Sphingomonadaceae	g__Sphingomonas	s__Sphingomonas sp002083435	ncbi
GCA_002083475.1	f__Sphingomonadaceae	g__Sphingomonas	s__Sphingomonas sp002083475	ncbi
GCA_002403415.1	f__Sphingomonadaceae	g__Sphingomonas	s__Sphingomonas sp002403415	ncbi
GCA_013822915.1	f__Sphingomonadaceae	g__Sphingomonas	s__Sphingomonas sp013822915	ncbi
GCA_002863155.1	f__Sphingomonadaceae	g__Sphingomonas	s__Sphingomonas sp002863155	ncbi
GCF_001556185.1	f__Sphingomonadaceae	g__Sphingomonas	s__Sphingomonas sp001556185	ncbi
GCA_006438735.1	f__Sphingomonadaceae	g__Sphingomonas	s__Sphingomonas koreensis_A	ncbi
GCF_003550065.1	f__Sphingomonadaceae	g__Sphingomonas	s__Sphingomonas caeni	ncbi
GCF_001555965.1	f__Sphingomonadaceae	g__Sphingomonas	s__Sphingomonas sp001555965	ncbi
GCF_000786205.1	f__Sphingomonadaceae	g__Sphingomonas	s__Sphingomonas sp000786205	ncbi
GCF_006346325.1	f__Sphingomonadaceae	g__Sphingomonas	s__Sphingomonas japonica	ncbi
GCF_005144715.1	f__Sphingomonadaceae	g__Sphingomonas	s__Sphingomonas sp005144715	ncbi
GCF_002351485.1	f__Sphingomonadaceae	g__Sphingomonas	s__Sphingomonas spermidinifaciens	ncbi
GCF_014199325.1	f__Sphingomonadaceae	g__Sphingomonas	s__Sphingomonas yantingensis	ncbi
GCF_004135605.1	f__Sphingomonadaceae	g__Sphingomonas	s__Sphingomonas desiccabilis	ncbi
GCF_004341505.2	f__Sphingomonadaceae	g__Sphingomonas	s__Sphingomonas sp004341505	ncbi
GCF_014842075.1	f__Sphingomonadaceae	g__Sphingomonas	s__Sphingomonas sp014842075	ncbi
GCF_001425385.1	f__Sphingomonadaceae	g__Sphingomonas	s__Sphingomonas sp001425385	ncbi
GCF_001421715.1	f__Sphingomonadaceae	g__Sphingomonas	s__Sphingomonas sp001421715	ncbi
GCF_001421965.1	f__Sphingomonadaceae	g__Sphingomonas	s__Sphingomonas sp001421965	ncbi
GCF_001421245.1	f__Sphingomonadaceae	g__Sphingomonas	s__Sphingomonas sp001421245	ncbi
3Dt2c	f__Sphingomonadaceae	g__Sphingomonas	s__	bangor
GCA_003240755.1	f__Sphingomonadaceae	g__Sphingomonas	s__Sphingomonas hengshuiensis_A	ncbi
GCF_003946805.1	f__Sphingomonadaceae	g__Sphingomonas	s__Sphingomonas sp003946805	ncbi
GCF_001619955.1	f__Sphingomonadaceae	g__Sphingomonas	s__Sphingomonas hankookensis	ncbi
GCF_001421765.1	f__Sphingomonadaceae	g__Sphingomonas	s__Sphingomonas sp001421765	ncbi
GCF_001421355.1	f__Sphingomonadaceae	g__Sphingomonas	s__Sphingomonas sp001421355	ncbi
3Dt1c	f__Sphingomonadaceae	g__Sphingomonas	s__	bangor
GCF_902506605.1	f__Sphingomonadaceae	g__Sphingomonas	s__Sphingomonas sp902506605	ncbi
GCA_902826325.1	f__Sphingomonadaceae	g__Sphingomonas	s__Sphingomonas sp902826325	ncbi
GCF_007833215.1	f__Sphingomonadaceae	g__Sphingomonas	s__Sphingomonas sp007833215	ncbi
GCA_002280565.1	f__Sphingomonadaceae	g__Sphingomonas	s__Sphingomonas sp002280565	ncbi
GCF_001557215.1	f__Sphingomonadaceae	g__Sphingomonas	s__Sphingomonas sp001557215	ncbi
GCF_002797435.1	f__Sphingomonadaceae	g__Sphingomonas	s__Sphingomonas koreensis	ncbi
GCF_001721295.1	f__Sphingomonadaceae	g__Sphingomonas	s__Sphingomonas turrisvirgatae	ncbi
GCA_017745215.1	f__Sphingomonadaceae	g__Sphingomonas	s__Sphingomonas sp017745215	ncbi
GCF_000226955.1	f__Sphingomonadaceae	g__Sphingomonas	s__Sphingomonas elodea_A	ncbi
GCF_011927635.1	f__Sphingomonadaceae	g__Sphingomonas	s__Sphingomonas trueperi	ncbi
GCF_012650175.1	f__Sphingomonadaceae	g__Sphingomonas	s__Sphingomonas sp012650175	ncbi
GCF_006716975.1	f__Sphingomonadaceae	g__Sphingomonas	s__Sphingomonas trueperi_A	ncbi
GCF_001598435.1	f__Sphingomonadaceae	g__Sphingomonas	s__Sphingomonas pituitosa	ncbi
GCF_900114095.1	f__Sphingomonadaceae	g__Sphingomonas	s__Sphingomonas sp900114095	ncbi
GCF_001650735.1	f__Sphingomonadaceae	g__Sphingomonas	s__Sphingomonas sp001650735	ncbi
GCF_002091475.1	f__Sphingomonadaceae	g__Sphingomonas	s__Sphingomonas azotifigens	ncbi
GCF_000282895.1	f__Sphingomonadaceae	g__Sphingomonas	s__Sphingomonas sp000282895	ncbi
GCF_003096275.1	f__Sphingomonadaceae	g__Sphingomonas	s__Sphingomonas pokkalii	ncbi
GCF_005503355.1	f__Sphingomonadaceae	g__Sphingomonas	s__Sphingomonas sp005503355	ncbi
GCF_011761945.1	f__Sphingomonadaceae	g__Sphingomonas	s__Sphingomonas leidyi	ncbi
GCF_002127225.1	f__Sphingomonadaceae	g__Sphingomonas	s__Sphingomonas sp002127225	ncbi
GCA_017418975.1	f__Sphingomonadaceae	g__Sphingomonas	s__Sphingomonas sp017418975	ncbi
GCF_014196745.1	f__Sphingomonadaceae	g__Sphingomonas	s__Sphingomonas kyeonggiensis	ncbi
GCF_014204495.1	f__Sphingomonadaceae	g__Sphingomonas	s__Sphingomonas kyeonggiensis_A	ncbi
GCF_003096895.1	f__Sphingomonadaceae	g__Sphingomonas	s__Sphingomonas sp003096895	ncbi
GCF_013416555.1	f__Sphingomonadaceae	g__Sphingomonas	s__Sphingomonas sp013416555	ncbi
GCF_000935025.1	f__Sphingomonadaceae	g__Sphingomonas	s__Sphingomonas hengshuiensis	ncbi
GCF_014489075.1	f__Sphingomonadaceae	g__Sphingomonas	s__Sphingomonas sp014489075	ncbi
GCF_018449795.1	f__Sphingomonadaceae	g__Sphingomonas	s__Sphingomonas sp018449795	ncbi
GCF_004792695.1	f__Sphingomonadaceae	g__Sphingomonas	s__Sphingomonas naasensis	ncbi
GCF_000712135.1	f__Sphingomonadaceae	g__Sphingomonas	s__Sphingomonas sp000712135	ncbi
GCF_001428865.1	f__Sphingomonadaceae	g__Sphingomonas	s__Sphingomonas sp001428865	ncbi
GCF_002002925.1	f__Sphingomonadaceae	g__Sphingomonas	s__Sphingomonas sp002002925	ncbi
GCF_002796605.1	f__Sphingomonadaceae	g__Sphingomonas	s__Sphingomonas sp002796605	ncbi
GCF_004792685.1	f__Sphingomonadaceae	g__Sphingomonas	s__Sphingomonas gei	ncbi
GCF_014199255.1	f__Sphingomonadaceae	g__Sphingomonas	s__Sphingomonas xinjiangensis	ncbi
GCA_017744835.1	f__Sphingomonadaceae	g__Sphingomonas	s__Sphingomonas sp017744835	ncbi
GCF_012927115.1	f__Sphingomonadaceae	g__Sphingomonas	s__Sphingomonas sp012927115	ncbi
GCA_004173185.1	f__Sphingomonadaceae	g__Sphingomonas	s__Sphingomonas sp004173185	ncbi
GCF_001591025.1	f__Sphingomonadaceae	g__Sphingomonas	s__Sphingomonas soli	ncbi
GCF_014334115.1	f__Sphingomonadaceae	g__Sphingomonas	s__Sphingomonas sp014334115	ncbi
GCF_011057975.1	f__Sphingomonadaceae	g__Sphingomonas	s__Sphingomonas sp011057975	ncbi
GCA_002707985.1	f__Sphingomonadaceae	g__Sphingomonas	s__Sphingomonas sp002707985	ncbi
GCF_003171655.1	f__Sphingomonadaceae	g__Sphingomonas	s__Sphingomonas portus	ncbi
GCF_014199335.1	f__Sphingomonadaceae	g__Sphingomonas	s__Sphingomonas sediminis	ncbi
GCF_004361835.1	f__Sphingomonadaceae	g__Sphingomonas	s__Sphingomonas pacifica	ncbi
GCA_018122655.1	f__Sphingomonadaceae	g__Sphingomonas	s__Sphingomonas sp018122655	ncbi
GCF_900199185.1	f__Sphingomonadaceae	g__Sphingomonas	s__Sphingomonas guangdongensis	ncbi
GCA_016937575.1	f__Sphingomonadaceae	g__Sphingomonas	s__Sphingomonas aeriglobus	ncbi
GCF_001421785.1	f__Sphingomonadaceae	g__Sphingomonas	s__Sphingomonas sp001421785	ncbi
GCF_008801695.1	f__Enterobacteriaceae	g__Pantoea	s__Pantoea stewartii	ncbi
GCF_000710035.2	f__Enterobacteriaceae	g__Pantoea	s__Pantoea ananatis	ncbi
GCF_002307475.1	f__Enterobacteriaceae	g__Pantoea	s__Pantoea allii	ncbi
GCA_002434205.1	f__Enterobacteriaceae	g__Pantoea	s__Pantoea sp002434205	ncbi
GCF_002095315.1	f__Enterobacteriaceae	g__Pantoea	s__Pantoea conspicua	ncbi
GCA_002095305.1	f__Enterobacteriaceae	g__Pantoea	s__Pantoea brenneri	ncbi
GCA_009830035.1	f__Enterobacteriaceae	g__Pantoea	s__Pantoea sp009830035	ncbi
GCF_008632075.1	f__Enterobacteriaceae	g__Pantoea	s__Pantoea sp008632075	ncbi
GCF_004792415.1	f__Enterobacteriaceae	g__Pantoea	s__Pantoea vagans	ncbi
GCF_009905795.1	f__Enterobacteriaceae	g__Pantoea	s__Pantoea sp003512445	ncbi
GCF_001598475.1	f__Enterobacteriaceae	g__Pantoea	s__Pantoea agglomerans	ncbi
GCF_009646115.1	f__Enterobacteriaceae	g__Pantoea	s__Pantoea eucalypti	ncbi
GCF_013415305.1	f__Enterobacteriaceae	g__Pantoea	s__Pantoea sp002419935	ncbi
GCF_900115075.1	f__Enterobacteriaceae	g__Pantoea	s__Pantoea sp900115075	ncbi
GCF_006494375.1	f__Enterobacteriaceae	g__Pantoea	s__Pantoea anthophila	ncbi
GCF_003236715.1	f__Enterobacteriaceae	g__Pantoea	s__Pantoea sp003236715	ncbi
GCF_006494415.1	f__Enterobacteriaceae	g__Pantoea	s__Pantoea deleyi	ncbi
GCA_018842655.1	f__Enterobacteriaceae	g__Pantoea	s__Pantoea sp018842655	ncbi
GCF_018842675.1	f__Enterobacteriaceae	g__Pantoea	s__Pantoea sp018842675	ncbi
GCF_014946725.1	f__Enterobacteriaceae	g__Pantoea	s__Pantoea mediterraneensis_A	ncbi
GCF_003813865.1	f__Enterobacteriaceae	g__Pantoea	s__Pantoea sp003813865	ncbi
GCF_003612015.1	f__Enterobacteriaceae	g__Pantoea	s__Pantoea piersonii	ncbi
GCF_002077695.1	f__Enterobacteriaceae	g__Pantoea	s__Pantoea latae	ncbi
GCA_001485295.1	f__Enterobacteriaceae	g__Pantoea	s__Pantoea sp001485295	ncbi
GCF_002095575.1	f__Enterobacteriaceae	g__Pantoea	s__Pantoea septica	ncbi
GCF_002920175.1	f__Enterobacteriaceae	g__Pantoea	s__Pantoea sp002920175	ncbi
GCA_013753875.1	f__Enterobacteriaceae	g__Pantoea	s__Pantoea persica	ncbi
GCF_000295955.2	f__Enterobacteriaceae	g__Pantoea	s__Pantoea sp000295955	ncbi
GCF_002095535.1	f__Enterobacteriaceae	g__Pantoea	s__Pantoea cypripedii	ncbi
GCF_011395035.1	f__Enterobacteriaceae	g__Pantoea	s__Pantoea cypripedii_A	ncbi
GCF_000175935.2	f__Enterobacteriaceae	g__Pantoea	s__Pantoea sp000175935	ncbi
GCF_000468095.1	f__Enterobacteriaceae	g__Pantoea	s__Pantoea sp000468095	ncbi
GCF_007833795.1	f__Enterobacteriaceae	g__Pantoea	s__Pantoea dispersa_B	ncbi
GCF_002095485.1	f__Enterobacteriaceae	g__Pantoea	s__Pantoea wallisii	ncbi
GCA_900215435.1	f__Enterobacteriaceae	g__Pantoea	s__Pantoea sp900215435	ncbi
GCF_001187905.1	f__Enterobacteriaceae	g__Pantoea	s__Pantoea sp001187905	ncbi
GCF_900068845.1	f__Enterobacteriaceae	g__Pantoea	s__Pantoea ludwigii_A	ncbi
GCF_002858935.1	f__Enterobacteriaceae	g__Pantoea	s__Pantoea endophytica	ncbi
GCF_900068835.1	f__Enterobacteriaceae	g__Pantoea	s__Pantoea ludwigii_B	ncbi
GCF_016625195.1	f__Enterobacteriaceae	g__Pantoea	s__Pantoea sp016625195	ncbi
GCF_000759475.1	f__Enterobacteriaceae	g__Pantoea	s__Pantoea rwandensis_B	ncbi
GCF_000773965.1	f__Enterobacteriaceae	g__Pantoea	s__Pantoea cancerogena_A	ncbi
1Dt2d	f__Enterobacteriaceae	g__Pantoea	s__	bangor
GCF_002095465.1	f__Enterobacteriaceae	g__Pantoea	s__Pantoea rodasii	ncbi
GCF_002095475.1	f__Enterobacteriaceae	g__Pantoea	s__Pantoea rwandensis	ncbi
GCF_011752625.1	f__Enterobacteriaceae	g__Pantoea	s__Pantoea sp011752625	ncbi
GCF_001506165.1	f__Enterobacteriaceae	g__Pantoea	s__Pantoea vagans_C	ncbi
GCF_001691555.1	f__Enterobacteriaceae	g__Pantoea	s__Pantoea eucrina_A	ncbi
GCF_002095385.1	f__Enterobacteriaceae	g__Pantoea	s__Pantoea eucrina	ncbi
GCF_014155765.1	f__Enterobacteriaceae	g__Pantoea	s__Pantoea dispersa	ncbi
GCA_002359495.1	f__Enterobacteriaceae	g__Pantoea	s__Pantoea sp002359495	ncbi
GCF_900604315.1	f__Enterobacteriaceae	g__Pantoea	s__Pantoea mediterraneensis	ncbi
